dataset,snr,method,seed,stochastic,n,d,shepard_p5__vs_ambient,shepard_p10__vs_ambient,shepard_p20__vs_ambient,shepard_p30__vs_ambient,shepard_p50__vs_ambient,shepard_p75__vs_ambient,shepard_p100__vs_ambient,stress_p5__vs_ambient,stress_fidelity_p5__vs_ambient,stress_p10__vs_ambient,stress_fidelity_p10__vs_ambient,stress_p20__vs_ambient,stress_fidelity_p20__vs_ambient,stress_p30__vs_ambient,stress_fidelity_p30__vs_ambient,stress_p50__vs_ambient,stress_fidelity_p50__vs_ambient,stress_p75__vs_ambient,stress_fidelity_p75__vs_ambient,stress_p100__vs_ambient,stress_fidelity_p100__vs_ambient,pp_shepard_p5__vs_ambient,pp_shepard_p10__vs_ambient,pp_shepard_p20__vs_ambient,pp_shepard_p30__vs_ambient,pp_shepard_p50__vs_ambient,pp_shepard_p75__vs_ambient,pp_shepard_p100__vs_ambient,full_shepard,full_stress,full_stress_fidelity,shepard_p5__vs_truth,shepard_p10__vs_truth,shepard_p20__vs_truth,shepard_p30__vs_truth,shepard_p50__vs_truth,shepard_p75__vs_truth,shepard_p100__vs_truth,stress_p5__vs_truth,stress_fidelity_p5__vs_truth,stress_p10__vs_truth,stress_fidelity_p10__vs_truth,stress_p20__vs_truth,stress_fidelity_p20__vs_truth,stress_p30__vs_truth,stress_fidelity_p30__vs_truth,stress_p50__vs_truth,stress_fidelity_p50__vs_truth,stress_p75__vs_truth,stress_fidelity_p75__vs_truth,stress_p100__vs_truth,stress_fidelity_p100__vs_truth,pp_shepard_p5__vs_truth,pp_shepard_p10__vs_truth,pp_shepard_p20__vs_truth,pp_shepard_p30__vs_truth,pp_shepard_p50__vs_truth,pp_shepard_p75__vs_truth,pp_shepard_p100__vs_truth,cluster_ratio_truth,cluster_ratio_2d,cluster_over_compression,recall_k5,recall_k15,recall_k30,trust_k5,trust_k15,trust_k30,cont_k5,cont_k15,cont_k30
density,1.0,PCA,0,False,1000,768,0.03345963062218821,0.03438670424360973,0.07187236276418467,0.6450772967353502,0.7595936583916739,0.6956320938044964,0.6992150676150082,0.457200538713889,0.542799461286111,0.4589831893377604,0.5410168106622396,0.46411299040473747,0.5358870095952626,0.6562971154345371,0.34370288456546294,0.555808150308521,0.44419184969147896,0.4978555936898966,0.5021444063101034,0.47115729191897643,0.5288427080810236,0.7723727940111392,0.7788060394290177,0.7818526528693027,0.7830232179963699,0.7834087831388288,0.719746011071819,0.6992150676150108,0.6992150676150082,0.47115729191897643,0.5288427080810236,0.06278633167289567,0.0873218107952971,0.16395938273418126,0.6777904626167004,0.7676362283658503,0.6944567318639442,0.6971523874443142,0.46860478312740367,0.5313952168725964,0.46854474796946566,0.5314552520305343,0.4670983293788188,0.5329016706211812,0.43068593835540897,0.5693140616445911,0.40265098202296834,0.5973490179770317,0.3939386847550258,0.6060613152449742,0.3934602730805746,0.6065397269194255,0.7767229793048221,0.7853121591335956,0.7890288391119463,0.7901545477378649,0.7900560667618974,0.7194943009704485,0.6971523874443157,0.15486872543236158,0.25681391690105504,0.6030386799171371,0.0366,0.06939999999999999,0.1036,0.6255016129032258,0.6276552030023883,0.6364545137070019,0.7958481854838709,0.7852965540771067,0.7842921948664222
density,1.0,Isomap,0,False,1000,768,0.004992367877741761,-0.01602563852051547,-0.049636965040975506,0.5005538554387943,0.6602865026333778,0.61393255231315,0.559274241799301,0.4906176322830384,0.5093823677169615,0.4943022536489068,0.5056977463510932,0.49933186661135576,0.5006681333886442,0.5693368846136042,0.4306631153863958,0.5268940298732857,0.4731059701267143,0.49294392589338887,0.5070560741066111,0.4696395654796702,0.5303604345203299,0.6413188349633344,0.670782440124371,0.684104152060334,0.6892315334470807,0.6903554560904892,0.6001565533832585,0.5592742417993017,0.559274241799301,0.4696395654796702,0.5303604345203299,0.016449448621573104,0.026170317717435127,0.07469098182520677,0.550559665933924,0.6734096717652703,0.6147047171374421,0.556554022645159,0.5013207988492371,0.4986792011507629,0.5037842362595258,0.49621576374047416,0.5142647319233784,0.4857352680766216,0.5074191390008612,0.4925808609991388,0.449375158383397,0.5506248416166031,0.4399026134841114,0.5600973865158886,0.44894622881910246,0.5510537711808976,0.6660564756531058,0.6953268825042975,0.7078870661194271,0.7102581083389888,0.7041936013118089,0.5999796651593982,0.5565540226451607,0.15486872543236158,0.4210713925592569,0.36779683485756415,0.027200000000000002,0.05973333333333333,0.09043333333333334,0.6009415322580645,0.600531559194814,0.6066766893661604,0.7833633064516129,0.7761701808256567,0.7523074209883011
density,1.0,PyMDE,0,True,1000,768,0.13816684179764027,0.14541767244289394,0.2086951805290534,0.6279637616309627,0.7242113744652018,0.6759923713407447,0.5976382337250686,0.6552752733626495,0.34472472663735054,0.632981747270967,0.367018252729033,0.6029266072452749,0.3970733927547251,0.5224949355474344,0.4775050644525656,0.4254235039389783,0.5745764960610217,0.3815619588971413,0.6184380411028587,0.40905203517764316,0.5909479648223568,0.6904086409519882,0.7289035711584055,0.7484688411034268,0.7535942443793431,0.74647404735572,0.6527826963604557,0.5976382337250645,0.5976382337250686,0.40905203517764316,0.5909479648223568,-0.0005757191277217307,-0.011702111527811126,-0.02060430515095208,0.5450970715798518,0.7026315719548436,0.6676969496767898,0.5916644279797633,0.6029211206676778,0.3970788793323222,0.6127573256479542,0.38724267435204585,0.6355959790820223,0.36440402091797774,0.5399318074365413,0.46006819256345866,0.41191259894600135,0.5880874010539987,0.3647696504436356,0.6352303495563645,0.4144702379731878,0.5855297620268122,0.6173569628156735,0.6704017617317948,0.7036171262994645,0.71628832468712,0.7269079528024749,0.6448776374204113,0.5916644279797588,0.15486872543236158,0.6695739503824542,0.23129443035216957,0.019200000000000002,0.04253333333333333,0.0649,0.5702737903225806,0.566883998635278,0.5634981316570631,0.6233391129032257,0.6324034118048447,0.6586058669460451
density,1.0,PyMDE,1,True,1000,768,0.15122591640604635,0.1793263137964571,0.24270151638011458,0.627191687175875,0.722645757079031,0.683616263585876,0.608457979836353,0.6888126286825781,0.3111873713174219,0.658561060436644,0.341438939563356,0.6183012804110845,0.38169871958891555,0.5295780155512574,0.4704219844487426,0.4311370907200321,0.568862909279968,0.38678420065479086,0.6132157993452092,0.4113134415527168,0.5886865584472831,0.7015660705644281,0.7377229435029251,0.7558477987687552,0.7585085926372501,0.7475644332630864,0.6550309004759334,0.6084579798363531,0.608457979836353,0.4113134415527168,0.5886865584472831,0.028812054840277556,0.03257414597048833,0.034123550705669387,0.5520709704234701,0.7005017806136401,0.6731522779518625,0.6022538687446845,0.6372806879112366,0.3627193120887634,0.6345898603104595,0.3654101396895405,0.6409678962525073,0.3590321037474927,0.5536834761997328,0.4463165238002672,0.4207900493214338,0.5792099506785662,0.3710076949310926,0.6289923050689075,0.41551168027818336,0.5844883197218167,0.6229299987731706,0.6756043525305184,0.7095824273796218,0.72243956506402,0.7305298800309651,0.6464488022355248,0.6022538687446832,0.15486872543236158,0.6773017583533035,0.22865543093950866,0.0224,0.04673333333333333,0.06763333333333334,0.5700979838709678,0.5680648925281473,0.5677113322856644,0.6431280241935484,0.6463950870010235,0.6666443862406146
density,1.0,PyMDE,2,True,1000,768,0.11580525095738767,0.13294207870273783,0.18865393964203564,0.5908422027205223,0.7021848695337057,0.6711129288912493,0.5982461783808886,0.6547513578519356,0.3452486421480644,0.634359798500261,0.36564020149973897,0.6083555570018244,0.3916444429981756,0.5244253833667244,0.4755746166332756,0.42990934821537774,0.5700906517846223,0.38642951145847204,0.613570488541528,0.4120381230972724,0.5879618769027276,0.6766134884358974,0.7120663782948323,0.7318262184627456,0.7372711273546807,0.7320383906422874,0.6429637379468464,0.5982461783808896,0.5982461783808886,0.4120381230972724,0.5879618769027276,0.015457224052970807,0.019082545798979476,0.013854166586818895,0.5254044155837462,0.6866710626098821,0.6627131516303875,0.5932130606703039,0.6207211149770698,0.37927888502293017,0.6200265300688128,0.3799734699311872,0.6334620157649735,0.3665379842350265,0.5635813919934765,0.43641860800652355,0.4273584110569901,0.5726415889430099,0.37584044845187214,0.6241595515481279,0.4193252320427966,0.5806747679572034,0.6137798176491688,0.6633812199582417,0.6959626242093511,0.7087776395398497,0.718023685192918,0.6364915041929174,0.5932130606703064,0.15486872543236158,0.691303187821003,0.22402431836096387,0.019200000000000002,0.040799999999999996,0.06206666666666667,0.5749385080645162,0.5699350392357556,0.5657869041382924,0.626370564516129,0.6341469805527123,0.6589875676619521
density,1.0,PCC,0,True,1000,768,-0.02769360172670199,-0.03830315625005853,-0.047495562839502355,0.6634762723537958,0.8829857837231321,0.8894721251986372,0.823932052417404,0.5770217746763798,0.42297822532362017,0.5865929240503646,0.41340707594963544,0.9818593048038358,0.018140695196164236,0.790250184571974,0.20974981542802595,0.5885929443469283,0.4114070556530717,0.481449088874302,0.5185509111256981,0.4488400841581547,0.5511599158418453,0.8478889085737148,0.8664358147273601,0.8773370197852409,0.8803758816198787,0.8993852613127614,0.8475294941267976,0.8239320524174082,0.823932052417404,0.4488400841581547,0.5511599158418453,-0.00546407416408361,0.00580686667316276,0.021114542236402384,0.6863001939776662,0.8934708328656359,0.8874172379092069,0.8191272575090851,0.6090248313597701,0.39097516864022985,0.6080323612693064,0.3919676387306936,0.6109951755747911,0.3890048244252089,0.3772435044014288,0.6227564955985712,0.2815442669259561,0.718455733074044,0.25647690739182033,0.7435230926081797,0.30961424806707394,0.6903857519329261,0.8434319915827303,0.8655786236660445,0.8784520853688214,0.8824102479521603,0.9040228042054412,0.8472835676604947,0.8191272575090843,0.15486872543236158,0.003043535143977179,50.884487316937914,0.0248,0.05906666666666667,0.08316666666666667,0.5983641129032258,0.6035648584100989,0.6067065828531517,0.7742435483870967,0.7591064483111566,0.749340876549677
density,1.0,PCC,1,True,1000,768,-0.008844282930539814,-0.010782819469152684,-0.021388151176665295,0.6717231165285411,0.8842234508914805,0.8899906495494662,0.8159062608841638,0.5623272060853435,0.4376727939146565,0.567166342629669,0.43283365737033097,0.9939901248197577,0.006009875180242319,0.7935454859882268,0.20645451401177317,0.5912349331972417,0.40876506680275826,0.4842082248150585,0.5157917751849415,0.4531444970287079,0.546855502971292,0.8476699900531526,0.8672721597102411,0.8787608984331226,0.8819817900272301,0.900591886107441,0.8473076445763981,0.8159062608841652,0.8159062608841638,0.4531444970287079,0.546855502971292,0.00222259309963078,-0.005627701019688537,0.02508493470598877,0.6915706947395791,0.894455005027084,0.8882599775220875,0.8110733621536691,0.5799275986033383,0.4200724013966617,0.5854385400788655,0.41456145992113447,0.5964247166750762,0.40357528332492376,0.3917357541355328,0.6082642458644671,0.28997418549359677,0.7100258145064032,0.2620476369878924,0.7379523630121076,0.31876732761927745,0.6812326723807225,0.8401924516592194,0.8632058639046533,0.87718833377185,0.8819227043494736,0.9044900110866729,0.8473434681403004,0.8110733621536694,0.15486872543236158,0.0030062629354206272,51.515362680906954,0.0222,0.056,0.0799,0.5930558467741935,0.5933699078812691,0.5999221232757116,0.763283064516129,0.7489870351415899,0.7403337873232059
density,1.0,PCC,2,True,1000,768,-0.052673167739236464,-0.058526748990221734,-0.0656379196428247,0.6573945311312579,0.8814893815898818,0.8882780960173,0.820030983679599,0.5848772125998146,0.4151227874001854,0.5829673143422868,0.41703268565771323,0.9760488651055996,0.023951134894400372,0.7892805340691134,0.21071946593088664,0.5879341982866475,0.4120658017133525,0.48160360713148115,0.5183963928685189,0.4501889510361772,0.5498110489638228,0.8438330541832141,0.8626961439234037,0.874141506562337,0.8775412705222786,0.8973341412467796,0.8445479962160174,0.8200309836795996,0.820030983679599,0.4501889510361772,0.5498110489638228,0.012855899435757736,0.00998831524364485,0.021384747300833683,0.6876742610373787,0.89424123838296,0.88741772474831,0.8156959908849424,0.5846404270632917,0.41535957293670833,0.5906431131967568,0.4093568868032432,0.5997061299699809,0.40029387003001915,0.373853169180289,0.626146830819711,0.28087444125730276,0.7191255587426972,0.25725809026415886,0.7427419097358412,0.3125086009609448,0.6874913990390552,0.8421286706563015,0.864769626592393,0.8779173038063375,0.8823715618658,0.9039552008614983,0.845666863086219,0.8156959908849448,0.15486872543236158,0.0029948122916989843,51.7123313075836,0.0218,0.05533333333333333,0.0821,0.5991915322580645,0.6026169907881269,0.6067791164658635,0.7672034274193549,0.7534881610371886,0.7419751004016064
density,1.0,t-SNE,0,True,1000,768,0.18922557772553517,0.18506781117723112,0.24837100984435082,0.5707560532171058,0.6081666893754263,0.4906259490814763,0.27723915497429935,0.45826733179403245,0.5417326682059675,0.4475493390329738,0.5524506609670262,0.4426085129213175,0.5573914870786825,0.4561531842235726,0.5438468157764274,0.41240722872670194,0.587592771273298,0.39378809775463836,0.6062119022453616,0.4261589103386219,0.5738410896613781,0.4784536168125534,0.5763903765694932,0.627430741143321,0.6408541638885377,0.6184448063338239,0.37354442600114657,0.27723915497429935,0.27723915497429935,0.4261589103386219,0.5738410896613781,0.005503561635819004,0.008851463330052677,0.03410266680985867,0.4964972007082019,0.5806453427484625,0.481017069561501,0.26609398578762955,0.460991204006504,0.5390087959934959,0.4631854522886407,0.5368145477113593,0.4759352413446634,0.5240647586553366,0.5362079991725796,0.46379200082742045,0.4451825986581536,0.5548174013418463,0.41858292415503323,0.5814170758449668,0.4918257674382369,0.5081742325617631,0.34639402955447784,0.5028493362228963,0.5807464483470598,0.6070826885582165,0.6041429779385007,0.35725974699972723,0.26609398578763055,0.15486872543236158,0.5323639590066948,0.2909076071214919,0.3612,0.25020000000000003,0.20146666666666666,0.8790681451612903,0.7700172637325144,0.7056868517548455,0.8632435483870968,0.7980706243602866,0.744983586519993
density,1.0,t-SNE,1,True,1000,768,0.18790849550728078,0.18729817336847987,0.25115300836086474,0.5822769366887569,0.5949586867259884,0.47755315433824086,0.299913893518817,0.45372139533894607,0.5462786046610539,0.4428594427011664,0.5571405572988336,0.4355523066795766,0.5644476933204234,0.45500422733506557,0.5449957726649344,0.41025081942065944,0.5897491805793406,0.3905488970254185,0.6094511029745815,0.4174111889712932,0.5825888110287067,0.4628489108156302,0.5619827550910355,0.6117196668727763,0.6251848666693496,0.6006409602876717,0.37503185480823226,0.2999138935188191,0.299913893518817,0.4174111889712932,0.5825888110287067,0.01236902330776103,0.025586532008416134,0.037326462815501435,0.5086646271519348,0.5694780960554986,0.4678357338881868,0.2890272977582578,0.4564740028838849,0.543525997116115,0.45787910878801175,0.5421208912119883,0.4730845958126678,0.5269154041873322,0.5283200085859695,0.4716799914140305,0.44486457294189324,0.5551354270581068,0.4191515416235604,0.5808484583764396,0.48108600407772745,0.5189139959222726,0.3345843532059867,0.4902982299662782,0.5679979438125753,0.5925526989978656,0.5875873552219066,0.36041801708384935,0.2890272977582605,0.15486872543236158,0.542740474595857,0.28534581937653003,0.3554,0.25880000000000003,0.21176666666666666,0.883145564516129,0.7794378710337768,0.7130877597345906,0.8662320564516129,0.803424087342204,0.751970281124498
density,1.0,t-SNE,2,True,1000,768,0.19245308346513512,0.18844569051856877,0.24888488746131404,0.5709382112294814,0.6018710209217313,0.4954970378448877,0.30924444380918187,0.45709149633963475,0.5429085036603652,0.44375719799953367,0.5562428020004664,0.4356100871441474,0.5643899128558526,0.45622609499902217,0.5437739050009778,0.4103470586079523,0.5896529413920477,0.3900151284428195,0.6099848715571805,0.41728884954660744,0.5827111504533926,0.4712040697729897,0.5730809347970679,0.6245665851631997,0.6364914454574501,0.6126041732014706,0.3881010059842219,0.30924444380918176,0.30924444380918187,0.41728884954660744,0.5827111504533926,0.02329202217289416,0.018612686642397583,0.039943577296788414,0.4961523060485271,0.5779465360356977,0.4822336220401807,0.297790541638203,0.45472521947967576,0.5452747805203242,0.45803835367585305,0.541961646324147,0.47256075883605464,0.5274392411639454,0.5374237402394721,0.46257625976052785,0.44760378856855226,0.5523962114314478,0.4178712214696339,0.5821287785303662,0.4805684391418119,0.5194315608581881,0.34120723838654676,0.49681251240297986,0.577214401626347,0.6026352014349231,0.5983784669367214,0.37291540164507486,0.2977905416382046,0.15486872543236158,0.5439987881540862,0.2846857912273426,0.357,0.2542666666666667,0.2099,0.8762288306451613,0.7726027976799728,0.7096093940981316,0.8652653225806451,0.8029028317980211,0.7510024096385542
density,1.0,UMAP,0,True,1000,768,0.10660640350318515,0.06400554325373761,0.027359036595460802,0.57914799916679,0.6676241695641864,0.5200815116333156,0.15608996932477168,0.4429569667167023,0.5570430332832976,0.43484205633701933,0.5651579436629807,0.4412370997788151,0.5587629002211849,0.5480625228352333,0.45193747716476673,0.45749711636459367,0.5425028836354063,0.42146625190824843,0.5785337480917516,0.49557777376773954,0.5044222262322604,0.43067241542720464,0.57174636854761,0.648104259918788,0.6727102383289306,0.6611661552995258,0.3206912595152764,0.15608996932477193,0.15608996932477168,0.49557777376773954,0.5044222262322604,0.012814847071282732,0.0014373107816081398,0.01776293173473445,0.5842578991364906,0.667370906346695,0.5209560487984004,0.15020582563731724,0.44475997623747615,0.5552400237625239,0.45106495321393864,0.5489350467860614,0.46751330211240916,0.5324866978875908,0.4281431486602863,0.5718568513397138,0.3791461055339454,0.6208538944660547,0.38367295626321213,0.6163270437367878,0.5466570178485917,0.45334298215140834,0.3615362534819883,0.554242262927993,0.6492040176517975,0.678998914203639,0.6758205499234348,0.31633704688162945,0.15020582563731735,0.15486872543236158,0.3617171648030895,0.4281486766509091,0.1976,0.2132,0.19766666666666666,0.7723284274193548,0.7344174002047082,0.6992254234328619,0.8838846774193548,0.8122634595701126,0.7322584250043653
density,1.0,UMAP,1,True,1000,768,0.10859393839117686,0.06762526175393285,0.042783477514111344,0.5895276400625791,0.669527256311735,0.5228888570590876,0.1543452007311615,0.4439890712873911,0.5560109287126089,0.43667956953321135,0.5633204304667887,0.44589943425486267,0.5541005657451373,0.5515670790215602,0.4484329209784398,0.45901221485217963,0.5409877851478204,0.42250024717746393,0.5774997528225361,0.49888103025534064,0.5011189697446594,0.43783969118420546,0.5772166438704964,0.6536207716350354,0.6785892454239232,0.6672153129554902,0.32163875606622994,0.1543452007311617,0.1543452007311615,0.49888103025534064,0.5011189697446594,0.003305610621028522,-0.0009351017169464569,0.011939562539960586,0.5864325416280048,0.6669434355816751,0.5235896285996859,0.1483169033830603,0.44280535514849667,0.5571946448515033,0.4488658141485009,0.5511341858514991,0.4681820859278309,0.531817914072169,0.418826140748505,0.581173859251495,0.3757948731856067,0.6242051268143933,0.3814036584880352,0.6185963415119649,0.5486788383161735,0.4513211616838265,0.36242604470964235,0.557387273412984,0.6536647524470941,0.6832324352392153,0.6802053956216408,0.3164753109047602,0.1483169033830607,0.15486872543236158,0.354648931677544,0.43668177625633514,0.19219999999999998,0.20973333333333333,0.19870000000000002,0.7694530241935484,0.7327033094506994,0.7002606251091322,0.8844495967741935,0.8134763561924258,0.7333042081368955
density,1.0,UMAP,2,True,1000,768,0.11731670267394954,0.0698627867224351,0.04214278446123517,0.5896462987035924,0.673824029985538,0.5263665094905304,0.16183737971383125,0.44218667981671805,0.557813320183282,0.4349767355613887,0.5650232644386113,0.44112890907763785,0.5588710909223622,0.5444887419096408,0.4555112580903592,0.45495960698001653,0.5450403930199834,0.4197581921506261,0.5802418078493738,0.4927205858967935,0.5072794141032064,0.44181214912366223,0.5798030607914234,0.655213765471147,0.6790115119627915,0.6678105365738587,0.32648160411973903,0.16183737971383194,0.16183737971383125,0.4927205858967935,0.5072794141032064,0.009517445820221336,0.008789116560793947,0.026334305938775615,0.5902618883196372,0.6708579675718082,0.5257205606181696,0.15483177636970485,0.44953340973752676,0.5504665902624732,0.4514112293110782,0.5485887706889219,0.46648249493326716,0.5335175050667329,0.42240116791958215,0.5775988320804178,0.3764352647245229,0.6235647352754772,0.38119538849054285,0.6188046115094572,0.5432844244176406,0.4567155755823594,0.37065808102218833,0.5612610317350376,0.6551089834230209,0.6840107927417094,0.6798998766999804,0.32093577883819974,0.1548317763697053,0.15486872543236158,0.36598730574257976,0.4231532706254293,0.1864,0.206,0.19456666666666667,0.767525806451613,0.7287965881951552,0.6944203596996683,0.8841681451612903,0.8145028317980212,0.7346687620045399
density,1.0,toorPIA,0,True,1000,768,0.166005285030681,0.19602248837740088,0.2906250950540464,0.7089128233373927,0.8471662866896819,0.8398625497303506,0.786037160135094,0.4184664842132186,0.5815335157867814,0.41504080615184147,0.5849591938481585,0.4145271046042627,0.5854728953957373,0.4293305451164722,0.5706694548835278,0.38525918157526157,0.6147408184247385,0.3588169765995671,0.641183023400433,0.3719720571760314,0.6280279428239686,0.8091604281329847,0.845675581024364,0.8648107164563615,0.8702012537407153,0.8777729132931436,0.7854540426911333,0.786037160135095,0.786037160135094,0.3719720571760314,0.6280279428239686,0.06023452421290748,0.07951474158562898,0.1388037289260821,0.6529839037568269,0.8313786049263675,0.8245839542676453,0.7738722798593465,0.4434439618091719,0.5565560381908281,0.4404462574552803,0.5595537425447197,0.4387228958001989,0.561277104199801,0.45524938974373447,0.5447506102562656,0.31171063786219116,0.6882893621378088,0.27388169629971076,0.7261183037002892,0.3097604526723871,0.6902395473276128,0.743493092175645,0.8026092131780805,0.8344340147464162,0.8458920432771294,0.8647958351942236,0.7741351464016022,0.7738722798593524,0.15486872543236158,0.42699310527535506,0.3626960799109189,0.029199999999999997,0.06693333333333333,0.09776666666666665,0.6277695564516129,0.6245585124530877,0.6307654618473896,0.8379556451612903,0.8203293756397134,0.8108591583726209
density,1.0,toorPIA,1,True,1000,768,0.1652527648494543,0.1969525050170355,0.29060250146131494,0.708871096769487,0.8471896336845521,0.8398877199329114,0.7860339503250383,0.4187443894887578,0.5812556105112422,0.4150562901424646,0.5849437098575354,0.414521976952268,0.585478023047732,0.42929177881873215,0.5707082211812678,0.3852462046107715,0.6147537953892285,0.35880297940138084,0.6411970205986192,0.37197180480467956,0.6280281951953204,0.8091134360855511,0.8457077896608803,0.8648672644565061,0.8702756756922586,0.8777804694028762,0.785471071514565,0.7860339503250441,0.7860339503250383,0.37197180480467956,0.6280281951953204,0.05991890949634986,0.07914005719862069,0.1374840405903789,0.652526169907696,0.8312635116295188,0.8244866011086892,0.7738081450114417,0.4433837499456211,0.556616250054379,0.44035763334950867,0.5596423666504913,0.43895970817929886,0.5610402918207011,0.45525128386765623,0.5447487161323438,0.3117354382710649,0.6882645617289351,0.2738926272005391,0.7261073727994609,0.3097731779637664,0.6902268220362335,0.7433460287952557,0.8025323876829242,0.8344022385960441,0.8458356004535741,0.8646704419743367,0.7740748330783279,0.773808145011442,0.15486872543236158,0.42709770884696746,0.36260724940543354,0.029599999999999998,0.06706666666666666,0.09836666666666667,0.6293721774193548,0.6248578642101672,0.6309041382922996,0.8378983870967742,0.8203540088706925,0.8108815784878645
density,1.0,toorPIA,2,True,1000,768,0.16597745116627713,0.19634712418234995,0.29047786455918534,0.7088553578076129,0.8471589589579213,0.8399057523520452,0.7860708973936019,0.4184585207670269,0.5815414792329732,0.41497448978433704,0.585025510215663,0.4145245350792689,0.5854754649207311,0.42933021418472217,0.5706697858152778,0.385280563423224,0.6147194365767761,0.35882597267277405,0.641174027327226,0.37197109068397066,0.6280289093160294,0.8091667225499464,0.8457103258128364,0.8648211161004316,0.8701824009118684,0.8777682200140482,0.7854374709604561,0.7860708973936014,0.7860708973936019,0.37197109068397066,0.6280289093160294,0.059939924043851324,0.07957617300428466,0.13851302111126335,0.6528710615633093,0.8313740260968606,0.8245514909876747,0.7738818267319159,0.44338989936756235,0.5566101006324377,0.44040439034552936,0.5595956096544706,0.43877977974969834,0.5612202202503016,0.4552670482296974,0.5447329517703026,0.3117388452546891,0.6882611547453109,0.27391121562885307,0.726088784371147,0.3097621028518499,0.6902378971481501,0.7435128637213588,0.8026228784717594,0.8344148002896011,0.8458637431697427,0.8647563911556435,0.7741053667046339,0.7738818267319114,0.15486872543236158,0.4270519939290877,0.36264606566402696,0.029599999999999998,0.06726666666666666,0.09793333333333334,0.6270080645161291,0.6251705220061412,0.6309368954077179,0.8381042338709678,0.8204345957011259,0.8108690064606251
transition,1.0,PCA,0,False,1000,768,0.1359183882969122,0.3460389159565419,0.7682633502556931,0.843597899152795,0.746124923122572,0.6169419362907294,0.5562603133781033,0.4990075242653003,0.5009924757346997,0.5348763777038019,0.4651236222961981,0.6014865433606388,0.3985134566393612,0.5412924502326961,0.4587075497673039,0.4492807371933701,0.55071926280663,0.4009501351120959,0.5990498648879041,0.3756700160968854,0.6243299839031147,0.46665625299380986,0.4730608063270594,0.7871310403830133,0.8536823364769689,0.7506747743502833,0.6211635227629377,0.5562603133781033,0.5562603133781033,0.3756700160968854,0.6243299839031147,0.11619146575203479,0.5118312917991773,0.8036565016709415,0.8601219082276251,0.749168048212564,0.6104550004320628,0.5540088688933996,0.4672489369906815,0.5327510630093185,0.44873128269505724,0.5512687173049428,0.41625651829449484,0.5837434817055052,0.3640901334852491,0.6359098665147509,0.32737487164406576,0.6726251283559342,0.32191875084861965,0.6780812491513803,0.3148807366208634,0.6851192633791365,0.5497324044957584,0.5780043267638645,0.8214904741813365,0.8660911718457307,0.7530961672579423,0.6133952256969795,0.5540088688934001,0.07964426623301472,0.08613036820081761,0.9246943661882393,0.078,0.18173333333333333,0.3016,0.9408280241935484,0.9475233708631866,0.9553318316745242,0.9525622983870967,0.9558218355510065,0.9624216867469879
transition,1.0,Isomap,0,False,1000,768,0.008370986191077833,0.19422390113671054,0.8070350701487417,0.8769689535734194,0.7798926691766505,0.6349278336711841,0.5328089010908873,0.5523590700544814,0.44764092994551863,0.56283664544672,0.43716335455328004,0.6468860503911453,0.35311394960885467,0.5732236476909659,0.4267763523090341,0.4585916747265584,0.5414083252734416,0.39932535192001706,0.6006746480799829,0.3694107390616003,0.6305892609383996,0.2874563537803273,0.35107693665903317,0.81855878659994,0.8874688340230145,0.7794536833895223,0.6352950874684228,0.532808901090887,0.5328089010908873,0.3694107390616003,0.6305892609383996,0.013105976731181926,0.37817388366120075,0.8483976655317874,0.8942955988598903,0.7914897951076956,0.6359072217566107,0.526542773466187,0.60489672761269,0.39510327238731,0.5309481969090061,0.4690518030909939,0.4354820305433253,0.5645179694566747,0.3775269825686882,0.6224730174313118,0.3099390683856348,0.6900609316143652,0.30025811166429306,0.6997418883357069,0.2997255671443775,0.7002744328556225,0.39616149302751646,0.48323890763518523,0.859584955110845,0.903853057426906,0.7835323360658084,0.6308544468073413,0.5265427734661914,0.07964426623301472,0.06894334064997804,1.1552133314421877,0.0872,0.20406666666666667,0.3249333333333333,0.955163306451613,0.9601558512453088,0.9676421861358477,0.9537060483870967,0.9610842033435687,0.968164064955474
transition,1.0,PyMDE,0,True,1000,768,0.04406670698471212,0.07504844604254733,0.1371428880026514,0.21279993280039772,0.3403450064537618,0.4007653033073594,0.42296767878495567,0.7002654885444759,0.2997345114555241,0.6761621808565088,0.3238378191434912,0.5894740183121929,0.4105259816878071,0.5243226449948957,0.47567735500510433,0.4483747250539735,0.5516252749460264,0.4219821987811431,0.5780178012188568,0.4109704960305555,0.5890295039694444,0.052908119641694874,0.08560215769507305,0.22081433834519376,0.3058531626489765,0.3915434036486058,0.4186657748898203,0.4229676787849554,0.42296767878495567,0.4109704960305555,0.5890295039694444,-0.01076189792988358,0.05410629042475415,0.13168373716782694,0.20226845133345467,0.33113209191345616,0.4027005804920588,0.41277067548155844,0.7236637597032818,0.2763362402967182,0.7775376967508902,0.22246230324910976,0.7305164362473971,0.26948356375260285,0.6425638235190069,0.35743617648099313,0.5175372582066656,0.48246274179333437,0.45808097125785907,0.5419190287421409,0.433622336841038,0.566377663158962,0.0007223637351672002,0.059726843191053064,0.2037348097486302,0.29161005368454007,0.3833917569695172,0.4161588489816004,0.4127706754815567,0.07964426623301472,0.4477128775808929,0.1778913902663534,0.058399999999999994,0.14046666666666668,0.21836666666666668,0.8236012096774193,0.8168610713067213,0.8036763052208835,0.7156633064516129,0.7119312180143296,0.707530679238694
transition,1.0,PyMDE,1,True,1000,768,0.10097598825623597,0.22649373502722922,0.421196314899628,0.4980734736171252,0.5454362818894252,0.5411170617903335,0.5342885220102338,0.8212802336563139,0.17871976634368614,0.7878824760428466,0.21211752395715344,0.6539367169827776,0.34606328301722245,0.5529092321775468,0.44709076782245316,0.463679387410452,0.536320612589548,0.43391848244068304,0.566081517559317,0.42418291470832326,0.5758170852916767,0.2502595483934057,0.2748052200131136,0.4769252698062418,0.5546026733710392,0.575102329336031,0.5560091005275521,0.5342885220102365,0.5342885220102338,0.42418291470832326,0.5758170852916767,0.047071732764991873,0.2652096950087126,0.42121615580823696,0.4952880129062719,0.5391092511161119,0.5295544695026346,0.5175052932218984,0.8292649014077128,0.1707350985922872,0.8400939623364118,0.15990603766358824,0.7113180681639079,0.28868193183609214,0.5839338584509312,0.41606614154906885,0.466892491393467,0.533107508606533,0.43188398747846546,0.5681160125215345,0.4185103449573812,0.5814896550426187,0.23048493490476116,0.28505954043801957,0.4738974608361718,0.5517712591319852,0.560721690954103,0.5408640110498744,0.5175052932218986,0.07964426623301472,0.052133035950660954,1.5277120309738066,0.0522,0.12346666666666667,0.19723333333333332,0.7365395161290322,0.730613033094507,0.721763785577091,0.8176707661290322,0.8146098942340498,0.8134025842500436
transition,1.0,PyMDE,2,True,1000,768,0.060634461253673846,0.15028732329115777,0.41778729359363637,0.5448769498352297,0.5640420500318456,0.538707852378362,0.5274686051650415,0.761617079543938,0.23838292045606202,0.7379514667494039,0.26204853325059607,0.6100861958289684,0.3899138041710316,0.5197693249219197,0.48023067507808026,0.4494659289784652,0.5505340710215347,0.4266651678549088,0.5733348321450912,0.41347224954703776,0.5865277504529622,0.16391059200661734,0.20480155496397512,0.4831533487967741,0.5866227690481403,0.5891674532204711,0.5532985023372807,0.5274686051650407,0.5274686051650415,0.41347224954703776,0.5865277504529622,0.040923765353019316,0.15244614252008032,0.4057605702032833,0.5449709072504337,0.5546507137492593,0.5358706295753797,0.5098691998608348,0.7714914553131222,0.22850854468687776,0.810195370498983,0.18980462950101695,0.664969380636269,0.335030619363731,0.5333123041817083,0.4666876958182917,0.44482465811382993,0.55517534188617,0.41677692053924115,0.5832230794607589,0.4046389412987923,0.5953610587012077,0.13129004762746313,0.1925338118370918,0.4711759946985175,0.5810241635561363,0.585494418988238,0.5475661649115714,0.5098691998608348,0.07964426623301472,0.11088342614162386,0.718270250157048,0.0596,0.13766666666666666,0.2227,0.8278362903225807,0.8170668713749574,0.8004167627029859,0.841711693548387,0.8438512453087683,0.8471125545660905
transition,1.0,PCC,0,True,1000,768,0.14593970226183245,0.4160974510151745,0.8173060864152856,0.8346569795763434,0.764770816834689,0.6882454698973929,0.6483399751037381,0.7082778574473039,0.29172214255269613,0.6977925670672965,0.30220743293270347,0.579384313410674,0.420615686589326,0.4886511772120768,0.5113488227879233,0.4087700707102657,0.5912299292897343,0.37583754430127037,0.6241624556987296,0.35790165130007967,0.6420983486999203,0.5117228106145583,0.5351463359348813,0.8500832561803878,0.8728851199267076,0.79205888158136,0.7067053079328983,0.6483399751037393,0.6483399751037381,0.35790165130007967,0.6420983486999203,0.0955893340190103,0.637332627119151,0.8600316545790743,0.8480139469832083,0.7654726756443114,0.687850550100971,0.6425704188001127,0.6327132083741246,0.3672867916258754,0.48718777476139624,0.5128122252386038,0.33496061483175804,0.6650393851682419,0.2957136734298542,0.7042863265701458,0.27662083585783853,0.7233791641421614,0.2884222242498377,0.7115777757501622,0.2906241089738456,0.7093758910261544,0.6103189202753013,0.672758877993828,0.8906422364785337,0.88149001325214,0.7908928153620227,0.7014735875488143,0.6425704188001116,0.07964426623301472,0.03666154639866573,2.172419716477462,0.09519999999999999,0.20866666666666667,0.33843333333333336,0.9438901209677419,0.9473733879222108,0.9528648507071765,0.9595913306451613,0.9640320709655408,0.9697471625632966
transition,1.0,PCC,1,True,1000,768,0.13895508213999444,0.4093023884557816,0.8033551037137765,0.8054023711136673,0.736760010757733,0.6743286661404241,0.6391732914785262,0.7171875949842895,0.2828124050157105,0.7056190651551061,0.2943809348448939,0.6005373822013735,0.39946261779862646,0.5047254739250027,0.49527452607499733,0.4163419705396452,0.5836580294603548,0.37954854361219215,0.6204514563878079,0.359706503266087,0.640293496733913,0.5101821778880872,0.5320405184435002,0.8404587251764111,0.848891306690774,0.7714294502669758,0.6915039687908602,0.639173291478528,0.6391732914785262,0.359706503266087,0.640293496733913,0.08854032040513336,0.6321755102431196,0.8472866046749815,0.8154619649456757,0.7342491567710908,0.6774673609887096,0.6267098333727352,0.6499254424221194,0.35007455757788064,0.49252957743199227,0.5074704225680078,0.37642323361274005,0.62357676638726,0.3372633205743275,0.6627366794256725,0.29572530277932885,0.7042746972206712,0.29588881684350404,0.7041111831564959,0.2965671053845794,0.7034328946154206,0.6090386706841889,0.6714223962600988,0.8812901547702436,0.8575817767637354,0.7723806614679712,0.6916346117002006,0.6267098333727422,0.07964426623301472,0.034873536142397674,2.283802419915393,0.0972,0.20473333333333335,0.33426666666666666,0.9439802419354839,0.9479153872398499,0.9531932250742099,0.9576012096774194,0.9618828386216308,0.9672640474943252
transition,1.0,PCC,2,True,1000,768,0.14252183906543187,0.41277596061339156,0.8032351764750582,0.80303152636159,0.7365544737180161,0.6746249799603499,0.6404327594769175,0.7142042461585464,0.2857957538414536,0.7043253708384852,0.29567462916151477,0.5998315394395335,0.4001684605604665,0.5047026056143636,0.49529739438563636,0.41630478460395626,0.5836952153960437,0.37965262133599437,0.6203473786640057,0.3596808149426022,0.6403191850573978,0.5140644363538202,0.5361883393107225,0.8412046053230772,0.848415524472096,0.7717746285042068,0.6926386692035483,0.6404327594769171,0.6404327594769175,0.3596808149426022,0.6403191850573978,0.0996640219117084,0.6371190415740773,0.847564561557123,0.8126318290627266,0.7338708215514099,0.6778359102817255,0.6270285768306345,0.6404285265968942,0.3595714734031058,0.4867739052845776,0.5132260947154224,0.37557864410295394,0.6244213558970461,0.3389055972787503,0.6610944027212498,0.29634930255142744,0.7036506974485726,0.2961687122086448,0.7038312877913552,0.29670488849360727,0.7032951115063928,0.6146087773659995,0.6768248177832344,0.8820499722257094,0.8568393157864008,0.7725886479450579,0.6925674502772846,0.6270285768306383,0.07964426623301472,0.03588704826434325,2.2193039016849956,0.0974,0.2033333333333333,0.33493333333333336,0.9436326612903225,0.9466699419993176,0.9522593329841104,0.9574743951612903,0.9617421357898328,0.9670552470752576
transition,1.0,t-SNE,0,True,1000,768,0.32867123327460745,0.49568797826396604,0.8637173673571121,0.880182468472883,0.7479943439989384,0.5957375947381585,0.501376515565425,0.4996059367453931,0.5003940632546069,0.5401795822423118,0.4598204177576882,0.6990935897283816,0.30090641027161835,0.5950728447102581,0.4049271552897419,0.47794640959446905,0.522053590405531,0.4190804866599554,0.5809195133400447,0.38935699876492214,0.6106430012350779,0.5157683697221747,0.5766980031988611,0.873079602402653,0.8885435959612097,0.7502391942012357,0.5995901108409376,0.5013765155654251,0.501376515565425,0.38935699876492214,0.6106430012350779,0.042735932347458386,0.42436166172964435,0.8642517267960984,0.8845386183478059,0.7521719740219449,0.598853627156697,0.5017968553607723,0.4660152918637176,0.5339847081362824,0.492946155015315,0.507053844984685,0.523194835567699,0.47680516443230103,0.41705741151510856,0.5829425884848914,0.34605677468410756,0.6539432253158924,0.33148786738002073,0.6685121326199792,0.32666300292828293,0.6733369970717171,0.3281361831372154,0.4923506714066696,0.872769681417283,0.8909632483393085,0.7525762665561426,0.6001867377832729,0.5017968553607708,0.07964426623301472,0.06671444258608132,1.1938084640406028,0.321,0.3632666666666667,0.4463666666666667,0.9768354838709677,0.9739799385875128,0.9769388859786974,0.9772375,0.9742343227567383,0.9759790116989698
transition,1.0,t-SNE,1,True,1000,768,0.3288819668987385,0.49903015618265006,0.866648169624507,0.8960066172693902,0.7817479309012073,0.6454503662120235,0.5558601597028386,0.4700338872440675,0.5299661127559325,0.4958936111528977,0.5041063888471022,0.6517922962981233,0.3482077037018767,0.5709932261490798,0.42900677385092023,0.45362717780120926,0.5463728221987907,0.39388659470977816,0.6061134052902218,0.36246893839704747,0.6375310616029526,0.5197815582261058,0.5820797385699418,0.8772089341179354,0.9055729223419967,0.7891314149385281,0.6502900696772441,0.5558601597028374,0.5558601597028386,0.36246893839704747,0.6375310616029526,0.03926383135775433,0.421583583355557,0.8658621923281132,0.9016213001902649,0.7867906587750881,0.6482011144821779,0.5574020188354863,0.4678390470145732,0.5321609529854268,0.4703448769597093,0.5296551230402907,0.4386696154596814,0.5613303845403186,0.3694635164154825,0.6305364835845175,0.3025230740276124,0.6974769259723876,0.2921153182246553,0.7078846817753447,0.2883720829866369,0.711627917013363,0.330492150147438,0.4925588719174943,0.8756587864197783,0.9087189492888165,0.791870635897275,0.6500765830701112,0.5574020188354869,0.07964426623301472,0.06493160072260533,1.2265871370284471,0.31880000000000003,0.3625333333333333,0.44753333333333334,0.9767923387096774,0.974209143636984,0.9771110529072813,0.978048185483871,0.9759256908904811,0.9779488737558931
transition,1.0,t-SNE,2,True,1000,768,0.33291870430647047,0.5014983982851257,0.8676433259011266,0.8972059949223685,0.7827615002071207,0.6470957369177425,0.5590944009454134,0.46810169256237677,0.5318983074376232,0.493422303937896,0.506577696062104,0.6453164079404826,0.3546835920595174,0.5691956382386197,0.43080436176138026,0.45215236509662904,0.547847634903371,0.3933252200491217,0.6066747799508783,0.36267444410265415,0.6373255558973459,0.5236099688703052,0.5841503349519839,0.8782840076181313,0.9068268667106397,0.7907504410849925,0.652161646283617,0.5590944009454147,0.5590944009454134,0.36267444410265415,0.6373255558973459,0.039927097464062374,0.4248231905025186,0.8664575371912027,0.9027734966229325,0.788218354246831,0.6496596503611148,0.5613206778697014,0.46816368602458036,0.5318363139754196,0.46722849619244294,0.5327715038075571,0.43121976583042304,0.5687802341695769,0.36945725882715985,0.6305427411728401,0.3018264734654633,0.6981735265345367,0.2921162683165392,0.7078837316834607,0.2889278123522069,0.7110721876477931,0.33351329537478047,0.4949346811694227,0.8765781443479225,0.9098838859222039,0.7934974433528033,0.6516536197206876,0.5613206778696999,0.07964426623301472,0.06596482986945695,1.2073746933120133,0.3222,0.3638,0.44863333333333333,0.9767764112903226,0.9741626748549983,0.9772484721494674,0.9785840725806452,0.9763352439440464,0.9783404924044002
transition,1.0,UMAP,0,True,1000,768,0.16180419035088162,0.3190559723644149,0.8380713880168613,0.8680541011959457,0.7311698982624081,0.5791791808367376,0.48305404744810654,0.5953395870233056,0.4046604129766944,0.7734145109305837,0.22658548906941633,0.7831186965529489,0.21688130344705114,0.6442601343860883,0.3557398656139117,0.508957881858329,0.491042118141671,0.44185504271334686,0.5581449572866531,0.40684918180283136,0.5931508181971686,0.3988362829943868,0.46037674692145086,0.8470873535510901,0.8725108989290472,0.7337012948434737,0.5796666216377758,0.4830540474481062,0.48305404744810654,0.40684918180283136,0.5931508181971686,0.01361700118389856,0.39410774821313194,0.8644229779638967,0.88110157202191,0.7329394573960358,0.579333071604532,0.4899671656246238,0.4913572308740444,0.5086427691259556,0.6914915222869475,0.30850847771305245,0.6074439023803211,0.3925560976196789,0.4547588558534326,0.5452411441465674,0.37085487320654537,0.6291451267934547,0.349685666878081,0.650314333121919,0.3377540541040085,0.6622459458959915,0.3602199515292879,0.48821059395178273,0.87290736132338,0.8826018123653181,0.7357181269416648,0.5805082548844196,0.48996716562462167,0.07964426623301472,0.027722110824847056,2.8729510078154057,0.1796,0.29566666666666663,0.3835,0.9637727822580645,0.9669905151825315,0.9717592456783657,0.9687995967741936,0.9675568747867622,0.9699337174786101
transition,1.0,UMAP,1,True,1000,768,0.17080045501901994,0.3259377318863739,0.8387517512008078,0.869491734670692,0.7351315200324161,0.5761644434365911,0.4730154060465962,0.5775187830314507,0.42248121696854934,0.7537143513632463,0.24628564863675373,0.7784770728492022,0.2215229271507978,0.6424894033794223,0.3575105966205777,0.5070135344853038,0.49298646551469616,0.44113809546011,0.5588619045398899,0.4071852057357906,0.5928147942642095,0.4038314208560203,0.4628763870252904,0.8479385268339436,0.8749635456463883,0.7322840874506766,0.5742716336623808,0.47301540604659537,0.4730154060465962,0.4071852057357906,0.5928147942642095,0.014440104758329884,0.4123168344637104,0.8673116710976276,0.8840063710351276,0.7402171248744649,0.5762618101618724,0.48075885381085587,0.4776556479512516,0.5223443520487484,0.6632304024336878,0.3367695975663122,0.5999240835090043,0.4000759164909957,0.4523974292409659,0.5476025707590342,0.366615022582426,0.6333849774175739,0.3485273235333782,0.6514726764666219,0.33861647505822395,0.6613835249417761,0.3703715223331593,0.49546998578030743,0.8761077547890859,0.8854347903265827,0.7347142073650736,0.5726263600619022,0.480758853810855,0.07964426623301472,0.03068328429456207,2.5956890881831023,0.1782,0.292,0.3851333333333333,0.9622179435483871,0.9660790856363016,0.9720449449973808,0.9693872983870968,0.9675041965199591,0.9691295966474595
transition,1.0,UMAP,2,True,1000,768,0.17678664730623525,0.3358767730118175,0.8400236931153809,0.8697394703540291,0.7306004179953033,0.5827763461898957,0.49053975160380064,0.6006552255286751,0.3993447744713249,0.7558594113831649,0.24414058861683507,0.7792008258618333,0.22079917413816674,0.6443382126798967,0.35566178732010334,0.5103637154501838,0.4896362845498162,0.4447984228062302,0.5552015771937697,0.41121463458388186,0.5887853654161181,0.41620134631529687,0.4740523288147115,0.8492561765146168,0.8736920345090562,0.7348756994166045,0.584111384864534,0.4905397516038029,0.49053975160380064,0.41121463458388186,0.5887853654161181,0.026784982857269345,0.4147650658875943,0.8677950171469693,0.8833991269765227,0.7316874965156813,0.5814317070981108,0.49892268601532264,0.48154617731761223,0.5184538226823878,0.6595136848476454,0.3404863151523546,0.6033790245778935,0.3966209754221065,0.45692575202629887,0.5430742479737012,0.3734109028633376,0.6265890971366623,0.3541221991809365,0.6458778008190635,0.3431811076578107,0.6568188923421894,0.3820090149846266,0.5064711776704435,0.8763734770913012,0.8841176734404048,0.737127267088664,0.5841146949772391,0.49892268601532475,0.07964426623301472,0.028315591705604343,2.8127353671811557,0.182,0.2882,0.3887333333333334,0.9628917338709677,0.9664743773456158,0.9721288632792038,0.9703004032258065,0.968468372569089,0.970910214772132
transition,1.0,toorPIA,0,True,1000,768,0.1432496710018445,0.3184762077225076,0.712970496517463,0.8299892049959862,0.8124179504571679,0.7428861385865416,0.7188228392726796,0.46330529946912785,0.5366947005308722,0.47333570649572815,0.5266642935042718,0.43454887258256536,0.5654511274174346,0.41557501969109095,0.584424980308909,0.3745036434260971,0.6254963565739029,0.35562273142568585,0.6443772685743141,0.3468723308595933,0.6531276691404067,0.2800783141517685,0.38125782300891,0.7548117084130328,0.8602170548789818,0.830557194170883,0.7598896208385029,0.71882283927268,0.7188228392726796,0.3468723308595933,0.6531276691404067,0.0825086670985168,0.39008598813607215,0.723144231968885,0.8355338191399059,0.8168889487975818,0.7343304657564352,0.696587812653637,0.46299216157946793,0.5370078384205321,0.48792790667020763,0.5120720933297924,0.40144685229510674,0.5985531477048933,0.3207458787018443,0.6792541212981558,0.2779236404072686,0.7220763595927314,0.2865315974110762,0.7134684025889237,0.2899500385971686,0.7100499614028314,0.2501045694912357,0.4182171319990901,0.7640125101458426,0.8620947902558529,0.8262541727538156,0.7436601894761014,0.6965878126536408,0.07964426623301472,0.14115321655440755,0.5642398251853922,0.096,0.2264,0.3634,0.957897379032258,0.9636618219037871,0.9707516326174263,0.9606247983870968,0.9651208461276015,0.9706762353762878
transition,1.0,toorPIA,1,True,1000,768,0.14324956174204057,0.31847711133707385,0.7129706337204045,0.829989212935582,0.8124179488954242,0.7428861415806892,0.7188228165647559,0.46330533533453566,0.5366946646654643,0.4733356232150774,0.5266643767849226,0.43454881564710196,0.565451184352898,0.4155749746934798,0.5844250253065202,0.37450361790271164,0.6254963820972883,0.35562271616761,0.64437728383239,0.34687233472813395,0.653127665271866,0.2800786576350649,0.3812584206415741,0.7548118266905214,0.8602170949832244,0.8305572094929222,0.7598896291109493,0.7188228165647558,0.7188228165647559,0.34687233472813395,0.653127665271866,0.08250922201960072,0.3900859123193132,0.7231441981846417,0.8355337793137452,0.8168889578228201,0.734330479832068,0.6965878154954155,0.46299206976803237,0.5370079302319677,0.4879279372719694,0.5120720627280306,0.4014468532423159,0.5985531467576841,0.3207458819618017,0.6792541180381984,0.27792364846071793,0.7220763515392821,0.28653159772232556,0.7134684022776745,0.28995005215389874,0.7100499478461013,0.25010451319645166,0.41821703388265,0.7640124591900985,0.8620947777755217,0.826254188939303,0.7436601899599424,0.6965878154954209,0.07964426623301472,0.1411536115691317,0.5642382461748631,0.096,0.2264,0.3634,0.957897379032258,0.9636618219037871,0.9707516326174263,0.9606247983870968,0.9651210508358922,0.9706763401431814
transition,1.0,toorPIA,2,True,1000,768,0.14324934780885026,0.3184761594795234,0.712970433626182,0.8299891509607127,0.8124179457536228,0.7428861226079522,0.7188228350220756,0.4633051464307813,0.5366948535692186,0.4733357025215411,0.5266642974784589,0.43454885269624155,0.5654511473037585,0.41557501616272896,0.584424983837271,0.37450362322869196,0.625496376771308,0.3556227189757591,0.644377281024241,0.34687233043840077,0.6531276695615993,0.28007711173419914,0.38125761376554584,0.7548116407881069,0.8602170314380422,0.8305571701603479,0.7598896147079496,0.7188228350220768,0.7188228350220756,0.34687233043840077,0.6531276695615993,0.08250889504285054,0.3900854615619608,0.7231441218575412,0.8355337725456887,0.8168889509375544,0.7343304173312537,0.6965878472945832,0.46299202227820213,0.5370079777217979,0.487927975167935,0.5120720248320649,0.40144685634852884,0.5985531436514712,0.3207458933665394,0.6792541066334605,0.27792363748369503,0.7220763625163049,0.2865316161898378,0.7134683838101622,0.28995003781648176,0.7100499621835182,0.250103887248035,0.4182166469260419,0.764012404041931,0.8620947556436555,0.8262541234509827,0.7436601354013342,0.6965878472945843,0.07964426623301472,0.1411501789136891,0.5642519679816759,0.096,0.2264,0.3634,0.957897379032258,0.9636618219037871,0.9707516326174263,0.9606245967741935,0.9651209825997953,0.9706762353762878
clusters,1.0,PCA,0,False,1000,768,0.0685173844961064,0.0889692820541497,0.6385263337852575,0.7416826847122213,0.622460998541605,0.5044533844167041,0.4642325602448525,0.4615639126405741,0.5384360873594258,0.46288683522976526,0.5371131647702347,0.676446582067475,0.323553417932525,0.5829656146284418,0.41703438537155824,0.5108216994347446,0.48917830056525535,0.47544660737863903,0.524553392621361,0.45523956462623255,0.5447604353737674,0.09445114975227586,0.1074013758001019,0.6431533518432773,0.7494319043961064,0.6334497366168851,0.5163117993760853,0.46423256024485243,0.4642325602448525,0.45523956462623255,0.5447604353737674,0.12214844045988077,0.1776123150965626,0.6905909364111853,0.7555223536331337,0.6205352775221268,0.49554227276251633,0.4475927049562328,0.45947295162028157,0.5405270483797184,0.45798565094001975,0.5420143490599802,0.42650200959702467,0.5734979904029753,0.4214289224534087,0.5785710775465913,0.41813312472587805,0.581866875274122,0.4144666544412638,0.5855333455587362,0.409626495252881,0.590373504747119,0.1700604169109723,0.21244844354615566,0.6951406206158396,0.7626343591692837,0.6302828206584308,0.50553187463491,0.4475927049562316,0.11007469137406181,0.11139923644054044,0.9881099268827969,0.0438,0.1266,0.23586666666666664,0.9079028225806451,0.9154366427840328,0.9251651126244107,0.9331713709677419,0.9384680313886046,0.9477596298236424
clusters,1.0,Isomap,0,False,1000,768,-0.014367592850513745,-0.02631121972154666,0.5161000932813709,0.6474703399081779,0.5371170185730698,0.4084466577871264,0.33685801413437044,0.5397963050079669,0.46020369499203306,0.5543878850509514,0.4456121149490486,0.5679973574375011,0.4320026425624989,0.49800753266799136,0.5019924673320086,0.4424761068351093,0.5575238931648907,0.41544312190483407,0.584556878095166,0.3993186017071002,0.6006813982928998,-0.04055093919490054,-0.051436696943088035,0.5142358307678457,0.6426851222934548,0.5326275206077609,0.40784028003372497,0.3368580141343695,0.33685801413437044,0.3993186017071002,0.6006813982928998,0.017335968741829046,0.01767820614656367,0.5406833039124512,0.6512642796200417,0.536532606202765,0.41380154127414137,0.3401218474239039,0.5752367873760286,0.42476321262397143,0.5816729962723771,0.4183270037276229,0.46973581620131677,0.5302641837986832,0.4170653382794733,0.5829346617205267,0.39324235869444146,0.6067576413055585,0.38303081091154656,0.6169691890884534,0.3761850760264101,0.62381492397359,0.008454791381731759,0.010628700341062365,0.5404374255775112,0.6495119684264182,0.5329377615353318,0.4120682304256012,0.3401218474239029,0.11007469137406181,0.24064471503629864,0.45741578558024115,0.0306,0.08946666666666667,0.16469999999999999,0.8907929435483871,0.8685602865916069,0.8456800419067575,0.8762211693548387,0.8846997611736609,0.8925315173738432
clusters,1.0,PyMDE,0,True,1000,768,0.03404043803657429,0.0440615178615957,0.4046562750709812,0.49646307628962166,0.46729752328109564,0.43402830450093244,0.4266882193073646,0.8060183034251271,0.19398169657487285,0.8036476373165261,0.1963523626834739,0.6699438013210405,0.3300561986789595,0.5712969359701301,0.4287030640298699,0.4965757332456099,0.5034242667543901,0.4586136988117523,0.5413863011882477,0.4395221838989144,0.5604778161010856,0.05766893822187323,0.05502848335527716,0.4249374456302975,0.5277846868781068,0.496572301891086,0.45034642270676883,0.42668821930736583,0.4266882193073646,0.4395221838989144,0.5604778161010856,0.03995046931230428,0.06707338277884813,0.42347982058358646,0.4965713749329323,0.4408057016425442,0.38699549503626307,0.3738139672366713,0.8123167702773707,0.1876832297226293,0.8100369006385371,0.18996309936146294,0.7040415210059532,0.2959584789940468,0.5827343335754204,0.41726566642457963,0.49985184929529886,0.5001481507047012,0.4611158542020111,0.5388841457979889,0.441507833850553,0.5584921661494471,0.06177034330723652,0.07309764162023157,0.4385505820621801,0.5185471461119587,0.46447980761533186,0.4040893190500631,0.3738139672366711,0.11007469137406181,0.069248075968227,1.5895703936173942,0.023799999999999998,0.07733333333333332,0.14523333333333335,0.7552245967741935,0.7563618560218355,0.7543478959315524,0.7940657258064516,0.7988958034800409,0.803722577265584
clusters,1.0,PyMDE,1,True,1000,768,0.06274017036361984,0.08205808225085831,0.4569265950910334,0.5666826209347225,0.5469265193520946,0.5151023504038682,0.5199708355780123,0.738309125891914,0.261690874108086,0.7316049722492941,0.2683950277507059,0.6174689416373174,0.38253105836268264,0.5397132336716715,0.46028676632832854,0.4780220878140149,0.5219779121859851,0.44415716294913155,0.5558428370508685,0.4236576056954199,0.5763423943045801,0.0954575261923484,0.09748024957742649,0.49206547294028175,0.613389135391335,0.5900211560184812,0.5409783612024552,0.5199708355780165,0.5199708355780123,0.4236576056954199,0.5763423943045801,0.061440961290363416,0.0917710555916349,0.4798811356344457,0.5787871731335115,0.5243490584942486,0.4699940425060696,0.45997940913724145,0.7482615348596662,0.2517384651403338,0.7396439319249434,0.2603560680750566,0.6266862241843743,0.37331377581562575,0.5200314089876743,0.4799685910123257,0.4595503980950677,0.5404496019049323,0.4304007973071554,0.5695992026928446,0.41232267672708184,0.5876773232729182,0.09228043999627396,0.11136777983859367,0.5009402937449505,0.6044887819299786,0.5534415390582152,0.4896726676172582,0.45997940913723734,0.11007469137406181,0.0915378128915814,1.202505149477798,0.0288,0.08686666666666666,0.15453333333333333,0.7922270161290322,0.793644967587854,0.7943469530295093,0.8567977822580646,0.8603900375298532,0.866699074559106
clusters,1.0,PyMDE,2,True,1000,768,0.05833667335606214,0.08545914002968559,0.43819023924848516,0.5273231296092883,0.5035115231825519,0.4796647000591218,0.49240512330304753,0.8298413551662498,0.1701586448337502,0.8212344576543668,0.17876554234563324,0.6826416008700935,0.3173583991299065,0.5815837553158353,0.4184162446841647,0.5034817509494552,0.49651824905054476,0.4631984542981586,0.5368015457018414,0.4401589176483035,0.5598410823516965,0.10714999799209189,0.10467100847421124,0.4689883114444702,0.5704407147144814,0.5459703637863451,0.5039804487779107,0.49240512330304953,0.49240512330304753,0.4401589176483035,0.5598410823516965,0.07072910382686362,0.0999002007235488,0.4459612948383233,0.5223886996371847,0.475297597988495,0.4301513684298293,0.4274405864567282,0.8351318584730832,0.16486814152691676,0.8264378512929883,0.1735621487070117,0.7070924764348536,0.2929075235651464,0.5820208846560917,0.4179791153439083,0.49649852472323,0.50350147527677,0.45624441603626553,0.5437555839637345,0.43493852468511324,0.5650614753148868,0.0986996125519367,0.1125474463821357,0.46529276134346653,0.5499762032733437,0.5066428805764454,0.4505363322681136,0.42744058645672683,0.11007469137406181,0.07108155205814105,1.5485690476204905,0.0262,0.07400000000000001,0.1344,0.7404074596774193,0.7368733538041623,0.7379440195564868,0.825113306451613,0.8272317297850562,0.8318373668587393
clusters,1.0,PCC,0,True,1000,768,0.04935687033481835,0.08142060230118094,0.6677533234901499,0.7698447553530654,0.6387025359190659,0.5111818126934023,0.4564612620496297,0.8153012998205983,0.1846987001794017,0.812835857111722,0.18716414288827798,0.7536647964651938,0.2463352035348062,0.5963407516280949,0.40365924837190514,0.4763379260997196,0.5236620739002804,0.4160684096847543,0.5839315903152458,0.38522460764467875,0.6147753923553212,0.1257263359990967,0.1200267206901828,0.6694891045665503,0.7777455932569857,0.6549562815215937,0.5270334166644658,0.45646126204963106,0.4564612620496297,0.38522460764467875,0.6147753923553212,0.052008369365839975,0.08424584358702882,0.6643320246633869,0.7677484937022641,0.6341953346333912,0.4982825864659643,0.4277359540849759,0.8191052143797918,0.18089478562020822,0.8108227153479974,0.18917728465200256,0.3299621316948395,0.6700378683051604,0.30704174769621323,0.6929582523037867,0.29977791283995203,0.700222087160048,0.29841268302178886,0.7015873169782112,0.29873570441913916,0.7012642955808608,0.09374785087442886,0.1016735836182481,0.6661129688563857,0.7725679146840104,0.6441251793902146,0.5077884867638592,0.4277359540849753,0.11007469137406181,0.010527822469615266,10.455599122397096,0.047,0.12373333333333333,0.23403333333333334,0.9369225806451613,0.9451263050153531,0.9566281473720971,0.9403381048387097,0.9478061412487205,0.9585336825563122
clusters,1.0,PCC,1,True,1000,768,0.064508744025849,0.08265799185425132,0.6651076175559631,0.7710324396308775,0.6459997742816327,0.5256669162147743,0.4802778260451619,0.8058811273715617,0.1941188726284383,0.8013860335468685,0.19861396645313145,0.752682001068629,0.24731799893137096,0.595849101133982,0.40415089886601796,0.47608198903842824,0.5239180109615718,0.4156912507422132,0.5843087492577868,0.38443186781163724,0.6155681321883628,0.13153833449497587,0.11925810018769692,0.6683125919005296,0.7844743914622344,0.6723432612993314,0.5486041614578705,0.48027782604516256,0.4802778260451619,0.38443186781163724,0.6155681321883628,0.05986657457408384,0.09638793319354963,0.6663959749634986,0.7686599009887487,0.6350841987107384,0.5072480216369706,0.44902484396894776,0.81228409521374,0.18771590478626,0.8004921258581282,0.19950787414187177,0.33022632887353964,0.6697736711264604,0.307677928230493,0.692322071769507,0.30013207469035835,0.6998679253096416,0.2984016965584095,0.7015983034415905,0.29776193952087127,0.7022380604791287,0.12024183908221199,0.1212372409464921,0.6686766406972692,0.7765466985508166,0.6523814520098428,0.5235474621589191,0.44902484396894676,0.11007469137406181,0.01352931928550616,8.136011062432672,0.045,0.11939999999999999,0.2321,0.9365368951612904,0.944904878880928,0.9562611140213026,0.9389997983870968,0.9470618219037871,0.9578793783830977
clusters,1.0,PCC,2,True,1000,768,0.08029228447499505,0.10605282337183693,0.6800520188712063,0.77390600400307,0.6437775959553966,0.5208194214551445,0.4755585770817293,0.8045855192914859,0.19541448070851408,0.7982700880964811,0.20172991190351885,0.7459118130795074,0.2540881869204926,0.5917552270455879,0.4082447729544121,0.47396885009933915,0.5260311499006609,0.4143904989580366,0.5856095010419634,0.38287203049963625,0.6171279695003637,0.1669511824697078,0.15581625818818892,0.6825638963256325,0.7851536618286742,0.663615901687862,0.5388662794745807,0.47555857708173066,0.4755585770817293,0.38287203049963625,0.6171279695003637,0.07209755135989991,0.09954583605293499,0.6739272779307992,0.7702208908086309,0.6364742160697394,0.5073830539132897,0.44828864624679665,0.8043183033610054,0.1956816966389946,0.7947070831843133,0.20529291681568673,0.32747642862810117,0.6725235713718989,0.30843609930472454,0.6915639006952754,0.3019826020521832,0.6980173979478168,0.2991573680955297,0.7008426319044703,0.2971117587214102,0.7028882412785897,0.13201296556003428,0.134672449996606,0.6763744836224134,0.7801370563000725,0.6528490613686863,0.519639210186512,0.4482886462467973,0.11007469137406181,0.012360162605087911,8.90560220694434,0.0474,0.126,0.2372,0.9384842741935484,0.9457887410440122,0.9569506897153832,0.9409358870967742,0.9483450699419993,0.9589936790640824
clusters,1.0,t-SNE,0,True,1000,768,0.32004146321781957,0.32977605097244694,0.7579357491777633,0.7884692648332778,0.6174414191619956,0.46331366301051785,0.36435721339217286,0.45243778044785193,0.5475622195521481,0.4323999232839887,0.5676000767160113,0.7290748386911473,0.2709251613088527,0.5870428675374784,0.41295713246252164,0.47973741940992937,0.5202625805900707,0.4266738959780867,0.5733261040219133,0.4010616806412654,0.5989383193587345,0.45052423917361156,0.3911855865013179,0.7587312742361022,0.7886243140469613,0.6183762129052294,0.46305744495161755,0.36435721339217253,0.36435721339217286,0.4010616806412654,0.5989383193587345,0.018113831500361565,0.027701641867720776,0.6349508546597857,0.752670832173197,0.6091337535488512,0.45794627692376577,0.3645841099330449,0.4597356649172278,0.5402643350827723,0.46392819156070375,0.5360718084392962,0.34276795572786123,0.6572320442721388,0.33111125686926296,0.6688887431307371,0.32834234186850153,0.6716576581314985,0.3276683939688066,0.6723316060311935,0.32871000566171993,0.6712899943382801,0.027677461346085192,0.03561061194000567,0.6360470050392123,0.7527117248091312,0.6100430942122154,0.4591960768238024,0.36458410993304363,0.11007469137406181,0.05638717077178986,1.9521229717227002,0.2294,0.27133333333333337,0.35253333333333337,0.9591042338709678,0.9595298532923917,0.9665245329142658,0.9719318548387097,0.967741999317639,0.9710596822070893
clusters,1.0,t-SNE,1,True,1000,768,0.31064875432775,0.3287240049974435,0.757750491660075,0.7922684023161074,0.6241343069769902,0.47116682043412944,0.3737973357293161,0.45138112222641835,0.5486188777735816,0.43100552995198926,0.5689944700480107,0.7251246300989163,0.27487536990108374,0.5817098189184674,0.4182901810815326,0.47316372344817037,0.5268362765518296,0.41941723329417085,0.5805827667058292,0.3934775037869445,0.6065224962130555,0.44319326781471646,0.39045944269144295,0.7583107004720953,0.790845455876769,0.6238102737526582,0.471456973124963,0.3737973357293152,0.3737973357293161,0.3934775037869445,0.6065224962130555,0.029434886282576494,0.027636398867477735,0.6375524591260407,0.7588388466014904,0.6195443195501704,0.46546036225051657,0.36465410868006154,0.4582110787494563,0.5417889212505437,0.46374158184852016,0.5362584181514798,0.3370038332591498,0.6629961667408502,0.3232308528774627,0.6767691471225372,0.31922933531432157,0.6807706646856784,0.31814338031767175,0.6818566196823282,0.3193303792823832,0.6806696207176168,0.034388336141626334,0.036898289670297256,0.6380630657565752,0.7571398941326842,0.6173000099915291,0.4654512857520521,0.3646541086800618,0.11007469137406181,0.05762739529013415,1.9101104747121318,0.22519999999999998,0.26986666666666664,0.34896666666666665,0.9595524193548387,0.9591071989082225,0.96612198358652,0.9719933467741936,0.9673695667007847,0.9708415924567837
clusters,1.0,t-SNE,2,True,1000,768,0.30805100177795236,0.33195331597807615,0.7578415215895257,0.7880635530994278,0.6179360326718464,0.46360670377642504,0.3668875059269092,0.4506883032553378,0.5493116967446622,0.43015731388256406,0.5698426861174359,0.7270752604915407,0.2729247395084593,0.5855303889561109,0.41446961104388913,0.47833564106405185,0.5216643589359482,0.42489166400731887,0.5751083359926812,0.397378168489756,0.6026218315102441,0.44056560215291474,0.3907149173906886,0.7586243224721395,0.7882790795141152,0.6168057193494488,0.4633038615614814,0.36688750592690844,0.3668875059269092,0.397378168489756,0.6026218315102441,0.029079350942045102,0.03616674678864856,0.6402284993021037,0.7527189164964849,0.6070159976777636,0.4556194759402075,0.35622447721736095,0.45989959699342403,0.5401004030065759,0.46295573485461394,0.5370442651453861,0.3419267218592654,0.6580732781407346,0.33029052032016193,0.6697094796798381,0.32636584187457834,0.6736341581254217,0.32481611368908897,0.675183886310911,0.32494788286936177,0.6750521171306383,0.034002655165888476,0.04630795884036391,0.6412683659895968,0.7514963157525048,0.6047675437931861,0.45384813622632386,0.35622447721735967,0.11007469137406181,0.05722593291243974,1.9235106493149687,0.2366,0.2634666666666667,0.3502,0.9596258064516129,0.9592106448311156,0.9662724637681159,0.9722078629032258,0.9671900375298533,0.9710376811594202
clusters,1.0,UMAP,0,True,1000,768,0.16767555614349824,0.1128066229024187,0.6502274685492834,0.7561491923471172,0.6102082898254133,0.4600218208874949,0.3660912654371017,0.43949381665301274,0.5605061833469873,0.4283418982931711,0.571658101706829,0.7513028225755669,0.2486971774244331,0.5999130920877005,0.4000869079122995,0.48544503960980334,0.5145549603901967,0.42890742410870125,0.5710925758912988,0.4009870259512918,0.5990129740487082,0.16081373342563499,0.11577176070534483,0.6513986055066346,0.7564899537029008,0.6114490207127448,0.4611707406072084,0.3660912654371018,0.3660912654371017,0.4009870259512918,0.5990129740487082,0.0008616004107979441,0.006939077873089583,0.6233716328923449,0.7488990501252618,0.6071306174529703,0.4539888243502074,0.35865277002063856,0.44912545421043315,0.5508745457895668,0.45717651549206784,0.5428234845079322,0.34139987249086473,0.6586001275091353,0.3248009363605983,0.6751990636394016,0.32034587840797196,0.679654121592028,0.3200929737982462,0.6799070262017538,0.3220682029893566,0.6779317970106433,0.00014484429497795914,0.00753250989003818,0.6237576927295141,0.7471341797175423,0.6050519492655472,0.45512193685593616,0.3586527700206371,0.11007469137406181,0.031191307658565023,3.5290181668236564,0.11040000000000001,0.19593333333333335,0.27976666666666666,0.9428237903225807,0.9488349368816104,0.9581476165531692,0.9591620967741935,0.9564534970999659,0.9607119958093242
clusters,1.0,UMAP,1,True,1000,768,0.17256197854563834,0.11030398021478116,0.6484694694728457,0.7562897633810491,0.61034361740985,0.4549347323780575,0.34514951150003875,0.4390106892552367,0.5609893107447633,0.42785814638424713,0.5721418536157529,0.755517306923272,0.24448269307672799,0.6048966263535716,0.39510337364642845,0.4917370057758387,0.5082629942241613,0.4361576908147015,0.5638423091852984,0.40948328480968615,0.5905167151903139,0.15876181093168348,0.10711871022537865,0.6494202689553048,0.7556412456715547,0.6065008263518967,0.4518816227792443,0.345149511500038,0.34514951150003875,0.40948328480968615,0.5905167151903139,0.00311580216240884,0.0039327439404217126,0.6213242201775587,0.7502227134088438,0.6092390406323127,0.4542216728016019,0.34065384101745305,0.45210806825166455,0.5478919317483355,0.45898691679100845,0.5410130832089916,0.3561691946650036,0.6438308053349964,0.3368778639420625,0.6631221360579376,0.32995180666592866,0.6700481933340714,0.3295780574631255,0.6704219425368745,0.33285747765047075,0.6671425223495293,0.0012849214567626853,0.0072776839391256055,0.6220525306141823,0.7484907742360348,0.606866472615948,0.4511431583969668,0.34065384101745333,0.11007469137406181,0.02934840712527237,3.7506189315220038,0.1146,0.1894,0.27616666666666667,0.9425800403225807,0.9484171954964176,0.9578963506198708,0.9594114919354839,0.9562512453087684,0.9605646237122403
clusters,1.0,UMAP,2,True,1000,768,0.17380407746646753,0.12132769817806591,0.6542638450103168,0.7591777238665898,0.6127497834990367,0.4613268729337161,0.35944112583847077,0.4378672826296601,0.5621327173703399,0.4274534855434219,0.5725465144565781,0.7602892823162105,0.2397107176837895,0.6108830466414301,0.3891169533585699,0.4984163802565145,0.5015836197434855,0.44299639489840914,0.5570036051015909,0.41602427922658575,0.5839757207734142,0.16877608028335828,0.11889735888674227,0.6554428684881719,0.7589845736351324,0.612779429808587,0.45992050519447497,0.3594411258384693,0.35944112583847077,0.41602427922658575,0.5839757207734142,0.017163543482655273,0.020475052687015872,0.6247780755125927,0.7554930439250742,0.6203543228331055,0.4709093715255048,0.3739077398916049,0.4506553316500788,0.5493446683499212,0.4548426973351114,0.5451573026648886,0.3691903276832223,0.6308096723167778,0.34936382151697276,0.6506361784830272,0.3402911841456855,0.6597088158543145,0.33854629593987695,0.661453704060123,0.33977812415515724,0.6602218758448428,0.015652167471246627,0.017922464974093562,0.6256502519992577,0.7547665623307229,0.6207283985292882,0.47160334126248094,0.3739077398916045,0.11007469137406181,0.030576168682666358,3.600015833130303,0.12,0.19766666666666666,0.28219999999999995,0.9437516129032258,0.9491375639713409,0.9583064082416624,0.9611711693548387,0.9568056635960422,0.9610061114021302
clusters,1.0,toorPIA,0,True,1000,768,0.11214137020072774,0.15877950036464464,0.7010622964177705,0.794597279442654,0.6848294327660227,0.5844590606915607,0.550118126825466,0.44212364787026937,0.5578763521297306,0.4349412343872035,0.5650587656127966,0.58625175818121,0.41374824181879,0.49884483063751334,0.5011551693624867,0.42428865700067003,0.5757113429993299,0.38511602734459693,0.6148839726554031,0.3636329543581369,0.6363670456418631,0.19332699335917097,0.19474472004422516,0.70494315068935,0.8094424719447135,0.7101764874982739,0.6045395531268084,0.5501181268254643,0.550118126825466,0.3636329543581369,0.6363670456418631,0.06826031632876492,0.12781907578898719,0.6908879203932462,0.7858594482214222,0.6638224962666769,0.5427651255018372,0.48640418554725917,0.45416828652694563,0.5458317134730544,0.44732183845920315,0.5526781615407969,0.35931289577773107,0.6406871042222689,0.33588827419539274,0.6641117258046072,0.32416516074775403,0.675834839252246,0.31801979802187236,0.6819802019781276,0.3131328059258639,0.6868671940741361,0.08669124024335893,0.13721043628999616,0.6930831503223315,0.7950096465390437,0.6797103281248218,0.5565004061034923,0.4864041855472603,0.11007469137406181,0.1856138224001277,0.593030680316328,0.0468,0.137,0.2619666666666667,0.9407026209677419,0.9491679290344592,0.9601735638204993,0.9463288306451613,0.9531627430910952,0.9627258250392876
clusters,1.0,toorPIA,1,True,1000,768,0.11214137020072774,0.15877950036464464,0.7010622964177705,0.794597279442654,0.6848294327660227,0.5844590606915607,0.550118126825466,0.44212364787026937,0.5578763521297306,0.4349412343872035,0.5650587656127966,0.58625175818121,0.41374824181879,0.49884483063751334,0.5011551693624867,0.42428865700067003,0.5757113429993299,0.38511602734459693,0.6148839726554031,0.3636329543581369,0.6363670456418631,0.19332699335917097,0.19474472004422516,0.70494315068935,0.8094424719447135,0.7101764874982739,0.6045395531268084,0.5501181268254643,0.550118126825466,0.3636329543581369,0.6363670456418631,0.06826031632876492,0.12781907578898719,0.6908879203932462,0.7858594482214222,0.6638224962666769,0.5427651255018372,0.48640418554725917,0.45416828652694563,0.5458317134730544,0.44732183845920315,0.5526781615407969,0.35931289577773107,0.6406871042222689,0.33588827419539274,0.6641117258046072,0.32416516074775403,0.675834839252246,0.31801979802187236,0.6819802019781276,0.3131328059258639,0.6868671940741361,0.08669124024335893,0.13721043628999616,0.6930831503223315,0.7950096465390437,0.6797103281248218,0.5565004061034923,0.4864041855472603,0.11007469137406181,0.1856138224001277,0.593030680316328,0.0468,0.137,0.2619666666666667,0.9407026209677419,0.9491679290344592,0.9601735638204993,0.9463288306451613,0.9531627430910952,0.9627258250392876
clusters,1.0,toorPIA,2,True,1000,768,0.11214137020072774,0.15877950036464464,0.7010622964177705,0.794597279442654,0.6848294327660227,0.5844590606915607,0.550118126825466,0.44212364787026937,0.5578763521297306,0.4349412343872035,0.5650587656127966,0.58625175818121,0.41374824181879,0.49884483063751334,0.5011551693624867,0.42428865700067003,0.5757113429993299,0.38511602734459693,0.6148839726554031,0.3636329543581369,0.6363670456418631,0.19332699335917097,0.19474472004422516,0.70494315068935,0.8094424719447135,0.7101764874982739,0.6045395531268084,0.5501181268254643,0.550118126825466,0.3636329543581369,0.6363670456418631,0.06826031632876492,0.12781907578898719,0.6908879203932462,0.7858594482214222,0.6638224962666769,0.5427651255018372,0.48640418554725917,0.45416828652694563,0.5458317134730544,0.44732183845920315,0.5526781615407969,0.35931289577773107,0.6406871042222689,0.33588827419539274,0.6641117258046072,0.32416516074775403,0.675834839252246,0.31801979802187236,0.6819802019781276,0.3131328059258639,0.6868671940741361,0.08669124024335893,0.13721043628999616,0.6930831503223315,0.7950096465390437,0.6797103281248218,0.5565004061034923,0.4864041855472603,0.11007469137406181,0.1856138224001277,0.593030680316328,0.0468,0.137,0.2619666666666667,0.9407026209677419,0.9491679290344592,0.9601735638204993,0.9463288306451613,0.9531627430910952,0.9627258250392876
