minority_frac,method,seed,stochastic,shepard_p5__vs_ambient,shepard_p10__vs_ambient,shepard_p20__vs_ambient,shepard_p30__vs_ambient,shepard_p50__vs_ambient,shepard_p75__vs_ambient,shepard_p100__vs_ambient,stress_p5__vs_ambient,stress_fidelity_p5__vs_ambient,stress_p10__vs_ambient,stress_fidelity_p10__vs_ambient,stress_p20__vs_ambient,stress_fidelity_p20__vs_ambient,stress_p30__vs_ambient,stress_fidelity_p30__vs_ambient,stress_p50__vs_ambient,stress_fidelity_p50__vs_ambient,stress_p75__vs_ambient,stress_fidelity_p75__vs_ambient,stress_p100__vs_ambient,stress_fidelity_p100__vs_ambient,full_shepard,full_stress,full_stress_fidelity,shepard_p5__vs_truth,shepard_p10__vs_truth,shepard_p20__vs_truth,shepard_p30__vs_truth,shepard_p50__vs_truth,shepard_p75__vs_truth,shepard_p100__vs_truth,stress_p5__vs_truth,stress_fidelity_p5__vs_truth,stress_p10__vs_truth,stress_fidelity_p10__vs_truth,stress_p20__vs_truth,stress_fidelity_p20__vs_truth,stress_p30__vs_truth,stress_fidelity_p30__vs_truth,stress_p50__vs_truth,stress_fidelity_p50__vs_truth,stress_p75__vs_truth,stress_fidelity_p75__vs_truth,stress_p100__vs_truth,stress_fidelity_p100__vs_truth,cluster_ratio_truth,cluster_ratio_2d,cluster_over_compression,within_majority_shepard__vs_ambient,within_minority_shepard__vs_ambient,cross_population_shepard__vs_ambient,minority_shepard__vs_ambient,population_over_compression,recall_k5,recall_k15,recall_k30,trust_k5,trust_k15,trust_k30,cont_k5,cont_k15,cont_k30
0.5,PCA,0,False,0.043396214575523576,0.08566749137094695,0.5113066130805164,0.46911088507145865,0.4084534170389637,0.8042795563002503,0.8834321404945095,0.47800055937193753,0.5219994406280625,0.5084196501708672,0.4915803498291328,0.6685166280664571,0.33148337193354294,0.6527145628046559,0.3472854371953441,0.6449694060071459,0.3550305939928541,0.5756599320291926,0.42434006797080737,0.4702848609184079,0.5297151390815922,0.8834321404945095,0.4702848609184079,0.5297151390815922,0.06061410173964541,0.11362133152652142,0.5320679651019922,0.4725181665806086,0.38059589546779976,0.7819949392659682,0.8119388512375535,0.48511333775576204,0.514886662244238,0.5149928739134382,0.4850071260865618,0.5979476811988733,0.4020523188011267,0.6061320714679139,0.3938679285320861,0.6139143823975478,0.3860856176024522,0.3926482782856821,0.6073517217143178,0.3003546234144608,0.6996453765855393,0.10502896118524761,0.04736473698313968,2.2174505312387685,0.39879297428763555,0.43200160517393943,0.660025672311871,0.8781122448467902,3.993604886535832,0.032,0.09653333333333333,0.18409999999999999,0.8584540322580645,0.8635273967929035,0.8706552819975555,0.9079487903225807,0.9125510064824292,0.9215142308363891
0.5,Isomap,0,False,0.007621785845872529,-0.0075882835620079,0.3937194502437967,0.35244246774554033,0.278805717189226,0.6419705283528743,0.681906748381788,0.5192264815145139,0.4807735184854861,0.5332341964957821,0.4667658035042179,0.5710964463161893,0.4289035536838107,0.5565268106254991,0.44347318937450086,0.5429779425897084,0.45702205741029156,0.4237063279296431,0.5762936720703569,0.36314087633070574,0.6368591236692942,0.681906748381788,0.36314087633070574,0.6368591236692942,0.024674588378284172,0.05161971945290332,0.41073311972022286,0.3610991964070876,0.27798608256248747,0.6427106491330092,0.6690229308070761,0.545204871596302,0.45479512840369796,0.5659081729861829,0.4340918270138171,0.5555051289133738,0.4444948710866262,0.5440661475762006,0.45593385242379936,0.5360393896601802,0.46396061033981983,0.3670035844294139,0.6329964155705861,0.31361709641503877,0.6863829035849612,0.10502896118524761,0.2602203463196098,0.4036154846102932,0.19956412260820916,0.34837218100458706,0.11091924664259159,0.5150283488715323,1.210439885620103,0.0418,0.10326666666666666,0.1764,0.904347379032258,0.8795773456158308,0.8666194517199232,0.866845564516129,0.8741541453428864,0.8800098480880042
0.5,PyMDE,0,True,0.04669814305203541,0.09422657681281152,0.07642159868779143,0.11633689125671774,0.19232040993971486,0.582000550826525,0.6536938276675007,0.6570122359982254,0.34298776400177455,0.6493802541182506,0.3506197458817494,0.6517804201909025,0.34821957980909746,0.6396330172815872,0.36036698271841283,0.6175874781626243,0.38241252183737573,0.45831742542020987,0.5416825745797902,0.38978839422392775,0.6102116057760723,0.6536938276675007,0.38978839422392775,0.6102116057760723,0.021724509310179572,0.0326994741503869,0.07954446067614937,0.11575113398926609,0.16058570378884796,0.5693783378019273,0.616077301842845,0.6672955764511184,0.33270442354888163,0.6990812665083489,0.3009187334916511,0.7707177680881921,0.22928223191180785,0.7201974224362624,0.2798025775637376,0.6666187092154314,0.3333812907845686,0.4546212329840393,0.5453787670159607,0.38001343349098876,0.6199865665090112,0.10502896118524761,0.6312602770622867,0.16637980402318958,0.19306659523682632,0.18754727069810956,0.4392316263413227,0.6441693906087169,0.8329547237599737,0.0212,0.0646,0.11546666666666666,0.806350806451613,0.8126248379392699,0.8160341889296316,0.751616935483871,0.7531267826680313,0.7584620569233456
0.5,PyMDE,1,True,0.07207343076474956,0.11791427618748673,0.07629544021153131,0.12175742434156311,0.1924883242700434,0.5858766966581511,0.6545498602921572,0.6585308863778204,0.3414691136221796,0.6460610918559236,0.35393890814407636,0.6560661148872409,0.34393388511275913,0.6420912671491894,0.3579087328508106,0.619111644076085,0.380888355923915,0.45812269511145315,0.5418773048885468,0.3904157482804853,0.6095842517195147,0.6545498602921572,0.3904157482804853,0.6095842517195147,6.413626519343641e-06,0.0022899939271487403,0.06731019891880213,0.105577473449516,0.15486438781771467,0.5673504892480344,0.615079419001118,0.6598674834302399,0.34013251656976007,0.7025331480325349,0.29746685196746514,0.7758284885068607,0.2241715114931393,0.7256385766184459,0.2743614233815541,0.6701157361590762,0.32988426384092384,0.45680290623167635,0.5431970937683237,0.3814381090961296,0.6185618909038704,0.10502896118524761,0.6346235681775567,0.1654980471129656,0.20047546892776802,0.18119779091948082,0.4435436642143583,0.6460006215255053,0.8354847326782032,0.0322,0.07906666666666666,0.1398,0.8274360887096774,0.8278491299897646,0.8273257551946918,0.7604975806451613,0.7588720573183214,0.7634248297537978
0.5,PyMDE,2,True,0.05621111820825712,0.06555553342669533,0.08434823385669515,0.116373058443842,0.18699751940440706,0.5735739756777264,0.6512501906240649,0.6553133439516066,0.34468665604839344,0.652812225671799,0.347187774328201,0.6500418071008095,0.3499581928991905,0.6396470762420987,0.3603529237579013,0.6188376622596665,0.3811623377403335,0.46025848603564384,0.5397415139643562,0.390355116640128,0.609644883359872,0.6512501906240649,0.390355116640128,0.609644883359872,0.02023032699306069,0.04111851224583824,0.09483692828796618,0.11459110327081093,0.1508392816586005,0.5587167235184647,0.6134405165828046,0.6701997337235029,0.32980026627649706,0.6943989359144069,0.30560106408559307,0.7615055877888888,0.23849441221111123,0.7175688811256893,0.2824311188743107,0.6683349841212635,0.33166501587873654,0.4574367930421218,0.5425632069578782,0.38081887769441386,0.6191811223055861,0.10502896118524761,0.6305029131626292,0.16657966044663922,0.1738039568731932,0.1956861977170681,0.43533938161848684,0.6435160184928914,0.8335900134822015,0.0242,0.0638,0.11556666666666666,0.8063983870967741,0.8121750255885363,0.8162495896629999,0.7546173387096774,0.754022176731491,0.7588374017810372
0.5,PCC,0,True,0.07081742138829672,0.16251664704314261,0.6867866507283014,0.6381572139216796,0.5494733237345062,0.8533602356688429,0.9211149873483153,0.5703363123591313,0.4296636876408687,0.5860675885738843,0.4139324114261157,0.5742088000685798,0.42579119993142023,0.5275723536569333,0.47242764634306667,0.49331768651244284,0.5066823134875571,0.5521834632192177,0.44781653678078226,0.45537240269734286,0.5446275973026571,0.9211149873483153,0.45537240269734286,0.5446275973026571,0.047061851083518826,0.11325882044683623,0.6842864282455184,0.62640442500484,0.5154078742363002,0.8277552483925689,0.86127741411633,0.5944996239470888,0.4055003760529112,0.6002939953514346,0.3997060046485654,0.44903613821943467,0.5509638617805653,0.4356736275304697,0.5643263724695303,0.4329679805163068,0.5670320194836932,0.3606168791371898,0.6393831208628102,0.27964187025355086,0.7203581297464492,0.10502896118524761,0.044273426339144974,2.3722799401315995,0.5594323187640496,0.5367450612731844,0.819987693157562,0.9294671980801797,3.0355554814688377,0.062,0.17113333333333333,0.32206666666666667,0.9537465725806452,0.9604870010235415,0.9691788720097783,0.9471129032258064,0.9544698737632208,0.9640566788894709
0.5,PCC,1,True,0.05993721135814922,0.15191727302463026,0.6835162804583693,0.634925538592017,0.5457979080242078,0.8524852741082207,0.92105120060338,0.559714825858229,0.44028517414177104,0.5767541883106916,0.4232458116893084,0.5753027701629939,0.4246972298370061,0.5266266014977293,0.47337339850227067,0.4933888586018233,0.5066111413981766,0.5538473810855107,0.4461526189144893,0.4566010771040679,0.5433989228959322,0.92105120060338,0.4566010771040679,0.5433989228959322,0.049980219554690015,0.1256617128383246,0.6849006757103583,0.6284254737666267,0.5219554239009397,0.8295922132096575,0.8615930819072979,0.5849337384998154,0.41506626150018455,0.5873578610304901,0.41264213896950985,0.44989448981432184,0.5501055101856782,0.4336616489799454,0.5663383510200546,0.4325640856757364,0.5674359143242635,0.3622444797982386,0.6377555202017614,0.2808177457327082,0.7191822542672919,0.10502896118524761,0.04410581773285676,2.381294953454768,0.5479591696050266,0.5407482341275405,0.823143328995047,0.930551746788249,3.075576518617722,0.0628,0.1686,0.32303333333333334,0.954847379032258,0.9618850221767314,0.9706973982888074,0.9470066532258065,0.9548174002047083,0.9644795529945871
0.5,PCC,2,True,0.08370921849124831,0.1790009032190933,0.6854769964615072,0.634321024071148,0.547305583826936,0.8522833363966928,0.9209457463725658,0.5750919932776503,0.42490800672234974,0.5909285451276862,0.4090714548723138,0.5689307389956179,0.43106926100438214,0.522618987038321,0.477381012961679,0.49140873892582426,0.5085912610741757,0.5537098209237548,0.44629017907624524,0.4566195940727753,0.5433804059272247,0.9209457463725658,0.4566195940727753,0.5433804059272247,0.0492515200065869,0.11636227464947312,0.6777883198136448,0.6183906934501227,0.5162486232576278,0.8283427181666926,0.8610760447882606,0.5993120864475631,0.40068791355243694,0.601493838679768,0.398506161320232,0.44751112079232364,0.5524888792076763,0.4362091277724077,0.5637908722275923,0.4321312005720678,0.5678687994279322,0.3625055165989597,0.6374944834010403,0.2811232305273481,0.7188767694726519,0.10502896118524761,0.04381841000382758,2.396914018013735,0.553265012744742,0.5388870681039479,0.8207990662127967,0.9297871028305844,3.082670406130937,0.06620000000000001,0.1728,0.32739999999999997,0.9534233870967742,0.9599280791538723,0.9689341016238868,0.9463227822580645,0.9532555441828727,0.9624842675048018
0.5,t-SNE,0,True,0.3597082081697185,0.4544773655492295,0.8037635254121678,0.6812231938241445,0.4856095277382044,0.49500252099572856,0.436295119908062,0.43645111943027914,0.5635488805697209,0.8385927160474149,0.16140728395258508,0.6684933693906469,0.33150663060935315,0.5652140137043874,0.4347859862956126,0.473078697983834,0.526921302016166,0.4143233605286996,0.5856766394713004,0.39113748360760525,0.6088625163923947,0.436295119908062,0.39113748360760525,0.6088625163923947,0.029238054707691117,0.10334171195965214,0.762683338812007,0.6713125300482816,0.4954247327165226,0.4988437748316549,0.44067458058545145,0.4596281642244506,0.5403718357755494,0.7161710699844784,0.28382893001552156,0.3719299450577769,0.6280700549422231,0.3497113620186371,0.6502886379813628,0.33948263600911704,0.660517363990883,0.3929083543778138,0.6070916456221862,0.3849238443165869,0.6150761556834131,0.10502896118524761,0.04674409296201592,2.246892698732945,0.47692198045644035,0.49396014128126337,-0.013311001807878382,0.3455562208649437,0.7785209842948407,0.258,0.3354666666666667,0.45803333333333335,0.9736768145161291,0.9758453087683384,0.9826697747511787,0.981319556451613,0.9803179802115319,0.9849146499039637
0.5,t-SNE,1,True,0.3533511291200886,0.45358683907437813,0.8048350069678809,0.6808690492644189,0.47302303696712317,0.2911677532813044,0.20947409928734087,0.43545202861052495,0.564547971389475,0.8695470633487354,0.13045293665126456,0.6750494090477194,0.3249505909522806,0.5717679879642168,0.4282320120357832,0.48141657611842453,0.5185834238815754,0.4496533105553216,0.5503466894446785,0.4307951409098006,0.5692048590901995,0.20947409928734087,0.4307951409098006,0.5692048590901995,0.027342433992891275,0.1004519276518451,0.7624713213597534,0.6687907678904056,0.474401153448058,0.2896975916196824,0.20964088629895,0.4588384609200371,0.5411615390799629,0.7355334922606115,0.2644665077393885,0.374640180783759,0.6253598192162411,0.3561942921221952,0.6438057078778048,0.35151084656863724,0.6484891534313628,0.4770406072210667,0.5229593927789333,0.4646273688062485,0.5353726311937514,0.10502896118524761,0.04681901234328851,2.2432972403422236,0.4772780693075131,0.4741560122910033,0.007697318668551444,0.1521401153041855,0.4640668989993238,0.2556,0.33053333333333335,0.455,0.9734828629032258,0.9758039576936199,0.982595983935743,0.9812834677419355,0.9802841351074718,0.9848418369128689
0.5,t-SNE,2,True,0.35665761262248874,0.45103434683813365,0.8001735353697621,0.672365850203979,0.4658093434652297,0.504592360968101,0.4624024655775334,0.4356988980480991,0.5643011019519009,0.8521044454271138,0.14789555457288617,0.6779745366591001,0.3220254633408999,0.5794404969172131,0.4205595030827869,0.4935854033742867,0.5064145966257133,0.42269459496588874,0.5773054050341113,0.39309232666874927,0.6069076733312507,0.4624024655775334,0.39309232666874927,0.6069076733312507,0.03814606476016495,0.10663331184453807,0.7568842490514641,0.6601023580423072,0.4708022473324221,0.5125501040545872,0.4558141420956241,0.45822473750132287,0.5417752624986771,0.7147699143886546,0.28523008561134544,0.39211806724674264,0.6078819327532574,0.37805516651547644,0.6219448334845236,0.37315524428992036,0.6268447557100796,0.3949251459941839,0.6050748540058162,0.38281439459329686,0.6171856054067031,0.10502896118524761,0.04935070127179661,2.1282161849495447,0.4731995746910084,0.4720379376288845,0.011828877116152652,0.49920338327714614,0.7215935762625789,0.26339999999999997,0.3370666666666667,0.45593333333333336,0.9735270161290323,0.9757295121119072,0.9825392352016763,0.9814540322580645,0.9802633230979187,0.984747372097084
0.5,UMAP,0,True,0.16163414201529003,0.1459822856541182,0.7643194960729859,0.6655784614275682,0.47366364819158385,0.49674045770038905,0.45566181692869423,0.4326829172689593,0.5673170827310408,0.9508775829199704,0.04912241708002962,0.7175928069395984,0.28240719306040163,0.6235887576701444,0.37641124232985557,0.5415083962232786,0.4584916037767214,0.45073018930425424,0.5492698106957458,0.40872471203993527,0.5912752879600647,0.45566181692869423,0.40872471203993527,0.5912752879600647,0.015331252971327801,0.058111406293723016,0.757559105866112,0.6685776903663047,0.4774240153772113,0.4964409936785866,0.4600495736530768,0.45165096871905347,0.5483490312809465,0.8611018821727959,0.13889811782720407,0.4604068328688415,0.5395931671311585,0.4406354532555978,0.5593645467444022,0.433542169038436,0.566457830961564,0.4320938515590291,0.5679061484409709,0.40133322742818867,0.5986667725718113,0.10502896118524761,0.02252785022355349,4.662183037573507,0.4717963377792412,0.48831993599727586,0.020174385041818597,0.48800241232509783,0.6564218244438798,0.13640000000000002,0.24493333333333334,0.36633333333333334,0.9615243951612903,0.9677207778915046,0.9771602933473023,0.9720502016129032,0.97227362674855,0.9782963156975729
0.5,UMAP,1,True,0.1751022437852742,0.14451282652603067,0.7597125898426823,0.6589371906679735,0.4615841091738232,0.46520451972387655,0.41684199276665695,0.4337016685662007,0.5662983314337993,0.9513003181628734,0.048699681837126585,0.7004062986360977,0.2995937013639023,0.599789841572278,0.400210158427722,0.5129774003189396,0.48702259968106043,0.4389630520653175,0.5610369479346825,0.408136164879522,0.591863835120478,0.41684199276665695,0.408136164879522,0.591863835120478,0.012978498262648488,0.05233776794164505,0.7530376893703491,0.6634663646659277,0.47326352502211727,0.47422287465877666,0.4174598665616486,0.4532872190125007,0.5467127809874993,0.8622450544970028,0.13775494550299716,0.4201224748110802,0.5798775251889198,0.39908236371818406,0.6009176362818159,0.39191229460631083,0.6080877053936892,0.41954274482125853,0.5804572551787415,0.40304758477608854,0.5969524152239114,0.10502896118524761,0.022741581483293746,4.618366636568491,0.469464077568784,0.4651599835790147,0.0032780989172070084,0.45856975809176426,0.7534367469357275,0.1434,0.2452,0.3648,0.962460685483871,0.9679136813374275,0.9768947791164658,0.9718451612903226,0.9725447969976118,0.9783594202898551
0.5,UMAP,2,True,0.16783024263878257,0.1487461871023389,0.7623999919801964,0.6634718184214377,0.47074515769360264,0.481119206044301,0.42627586908969645,0.4354618587973108,0.5645381412026892,0.9568560102469347,0.043143989753065326,0.7104215071903377,0.2895784928096623,0.6127571001752062,0.38724289982479376,0.5275110919186926,0.4724889080813074,0.442115168039997,0.5578848319600029,0.40692224699908475,0.5930777530009153,0.42627586908969645,0.40692224699908475,0.5930777530009153,0.01580788723309681,0.05925636018488932,0.756289140912397,0.6675259616732714,0.47668818309604455,0.4781429247003609,0.4321969140490409,0.4560875592921134,0.5439124407078866,0.8725684540300291,0.12743154596997086,0.4419821254224367,0.5580178745775632,0.42017468389225887,0.5798253161077411,0.41263711082889826,0.5873628891711018,0.4209952096087862,0.5790047903912138,0.39719845461290937,0.6028015453870906,0.10502896118524761,0.021759335145076747,4.826846063309586,0.4745882577913719,0.471479156736291,-0.003277789733105884,0.37597088467655165,0.6717528330439774,0.1446,0.2501333333333333,0.369,0.9626167338709677,0.9684242920504947,0.9772865374541645,0.9720383064516129,0.9721396792903446,0.9783371049415052
0.5,toorPIA,0,True,0.08793788739824637,0.1749689571869358,0.68092327122671,0.6938636798139287,0.6957968064496327,0.8801256993843766,0.8762594175621428,0.4558369648255126,0.5441630351744874,0.4462133049361034,0.5537866950638966,0.44767706446828864,0.5523229355317114,0.416396275771027,0.583603724228973,0.38708195074503005,0.61291804925497,0.5003619579106755,0.4996380420893245,0.4261301838232143,0.5738698161767857,0.8762594175621428,0.4261301838232143,0.5738698161767857,0.06915221619581599,0.1522655615237014,0.6821999169582195,0.667505369977306,0.6253644948790748,0.8550449522387271,0.8498539050017229,0.47149485253782675,0.5285051474621733,0.49461967554188035,0.5053803244581196,0.3957951644573387,0.6042048355426612,0.3572802018806209,0.6427197981193791,0.32753482903105385,0.6724651709689462,0.3155982573682045,0.6844017426317954,0.2659478902253177,0.7340521097746824,0.10502896118524761,0.10215918943435151,1.02809117580891,0.6920716381749414,0.697598373891479,0.31633364094964933,0.7858712236262777,2.162235470113063,0.06939999999999999,0.18266666666666667,0.33059999999999995,0.9589788306451613,0.9647418628454453,0.9709391304347826,0.9489207661290322,0.9557473899692938,0.9647027414003841
0.5,toorPIA,1,True,0.08793802611542209,0.17496901315187882,0.6809232852683768,0.6938636879067412,0.6957968082449023,0.8801256996297503,0.8762594182817709,0.455836974181918,0.5441630258180821,0.4462133083625724,0.5537866916374277,0.4476770597005915,0.5523229402994085,0.41639627352327363,0.5836037264767264,0.38708195423405417,0.6129180457659458,0.5003619594066082,0.4996380405933918,0.4261301840721906,0.5738698159278094,0.8762594182817709,0.4261301840721906,0.5738698159278094,0.06915216580376689,0.15226556968704696,0.6821999225805938,0.6675053585496529,0.6253644761784881,0.8550449466788349,0.8498539035074455,0.47149486198913115,0.5285051380108688,0.49461968316146654,0.5053803168385335,0.3957951630432275,0.6042048369567725,0.35728020301840785,0.6427197969815921,0.32753483468936234,0.6724651653106377,0.31559825902517535,0.6844017409748246,0.2659478888962141,0.7340521111037859,0.10502896118524761,0.10215902359735736,1.0280928447319704,0.6920716592316155,0.6975983685600966,0.31633364489954163,0.7858712246022909,2.1622350726997133,0.06939999999999999,0.18266666666666667,0.33059999999999995,0.9589788306451613,0.9647418628454453,0.9709391304347826,0.9489207661290322,0.9557474582053906,0.9647027763226821
0.5,toorPIA,2,True,0.08793797422974459,0.17496899950769118,0.6809233051594064,0.6938636978199497,0.6957968129076281,0.8801257012810703,0.8762594171840989,0.4558369730652794,0.5441630269347206,0.4462133164035898,0.5537866835964103,0.44767706895019305,0.552322931049807,0.41639627668780854,0.5836037233121915,0.3870819515947007,0.6129180484052993,0.5003619601185908,0.4996380398814092,0.4261301853111058,0.5738698146888942,0.8762594171840989,0.4261301853111058,0.5738698146888942,0.06915223566767721,0.15226559460229402,0.6821999429074254,0.6675053870335578,0.6253644920285393,0.8550449518455522,0.8498539058760204,0.4714948671280395,0.5285051328719605,0.4946196806745051,0.5053803193254949,0.39579515316787994,0.6042048468321201,0.3572801940704695,0.6427198059295305,0.3275348257700459,0.6724651742299541,0.31559825786657364,0.6844017421334263,0.2659478908337507,0.7340521091662493,0.10502896118524761,0.10215918943435151,1.02809117580891,0.6920716562938857,0.6975983831116018,0.3163336314957191,0.7858712211596244,2.162235470113063,0.06939999999999999,0.18266666666666667,0.33059999999999995,0.9589788306451613,0.9647418628454453,0.9709391304347826,0.9489209677419355,0.9557474582053906,0.9647028112449799
0.25,PCA,0,False,0.028947691562638912,0.06136627393175772,0.5356831765521086,0.5541229205372991,0.4569340507562769,0.6695018264307366,0.8430451340921948,0.488035634244459,0.511964365755541,0.49340733660496144,0.5065926633950386,0.6780619511652559,0.3219380488347441,0.6403773826383935,0.3596226173616065,0.6057965296883944,0.39420347031160563,0.6007170136003246,0.3992829863996754,0.4872246446485704,0.5127753553514296,0.8430451340921948,0.4872246446485704,0.5127753553514296,0.0844497363013373,0.1266802864097999,0.5622614832736145,0.5657408118494713,0.45222607778009516,0.6617277022857999,0.8127581433157346,0.48031148095577164,0.5196885190442284,0.4903848811390771,0.5096151188609229,0.5474903576113891,0.4525096423886109,0.5489977563806985,0.4510022436193015,0.550491926488661,0.44950807351133903,0.4419287166068713,0.5580712833931287,0.31757399775997397,0.682426002240026,0.20035215885097007,0.11242856246234888,1.7820396744649818,0.49994273358256996,0.02920934576247605,0.6467469189807098,0.7743601935671176,2.3955102423176133,0.0312,0.083,0.15863333333333335,0.8602895161290323,0.8633169566700785,0.8722146324428147,0.8971665322580645,0.9021508017741385,0.9113320412083115
0.25,Isomap,0,False,0.007698653494575425,-0.019078138550256883,0.5590672068791669,0.5899225704269184,0.4645814505487166,0.4415989101903673,0.46985876338113775,0.5501019558791782,0.4498980441208218,0.5630586614432909,0.43694133855670914,0.5991516854943036,0.40084831450569636,0.5491002594050074,0.4508997405949926,0.5040665055314609,0.49593349446853907,0.45781591809705097,0.5421840819029491,0.41690143434384946,0.5830985656561505,0.46985876338113775,0.41690143434384946,0.5830985656561505,-0.00046201882278038264,0.006253478364899974,0.5735853409541661,0.5865744442194214,0.45534534879430966,0.44822527400983325,0.4599878961785925,0.5801818177825898,0.4198181822174102,0.587763642989193,0.41223635701080696,0.47326358288473097,0.5267364171152691,0.46077894390092805,0.539221056099072,0.4539127137901297,0.5460872862098702,0.4623009139439423,0.5376990860560578,0.4375978945759372,0.5624021054240629,0.20035215885097007,0.27176854246043886,0.7372161510566853,0.42609421050500623,0.09513673437858315,0.07085262363889042,0.3715018923963355,0.7111542042842314,0.0342,0.10566666666666666,0.18123333333333333,0.9089550403225807,0.8914053906516547,0.8811436703335079,0.8808877016129032,0.8903121801432958,0.8940486467609569
0.25,PyMDE,0,True,0.047135802572579696,0.08171185803136392,0.46793329518514176,0.5074631106509068,0.49498275722884827,0.6153322760526451,0.6961937665829556,0.8036357743659618,0.19636422563403821,0.7957660310397227,0.20423396896027735,0.66931144635552,0.33068855364448,0.5988167492601134,0.4011832507398866,0.5401962302725457,0.4598037697274543,0.46759948956759334,0.5324005104324067,0.4070913459997569,0.5929086540002431,0.6961937665829556,0.4070913459997569,0.5929086540002431,0.05053872073419219,0.09423392814938551,0.4859788365821448,0.5038177568198153,0.4598627507540628,0.590949745492277,0.6743718488315698,0.8098652231238337,0.1901347768761663,0.8011289206701111,0.1988710793298889,0.6378189128253782,0.36218108717462183,0.5669619318824334,0.4330380681175666,0.5176131726463088,0.4823868273536912,0.4449818715693922,0.5550181284306078,0.3840081331035952,0.6159918668964048,0.20035215885097007,0.07648477112267273,2.6195039340528115,0.5736052607032202,0.1305053622472666,0.267236267145532,0.35898426529751926,0.7368317073067245,0.0306,0.07333333333333333,0.13683333333333333,0.8113752016129032,0.8111918799044695,0.8153729701414353,0.8224114919354839,0.8219047424087342,0.8291549502357255
0.25,PyMDE,1,True,0.05011809964375521,0.08884000711264908,0.1525020987616417,0.16237802326378564,0.17236951478684034,0.39789654030879434,0.52995406788607,0.6391638207491448,0.3608361792508552,0.6297413373687429,0.37025866263125706,0.6012264276067505,0.3987735723932495,0.5804295556841056,0.4195704443158944,0.56126859561368,0.43873140438631997,0.4916449088744995,0.5083550911255005,0.42712282983551303,0.572877170164487,0.52995406788607,0.42712282983551303,0.572877170164487,0.01650692144762211,0.02582086486684883,0.1328391604546243,0.15325381682872954,0.15647141729350644,0.3860198017630987,0.5211197049485986,0.6336875132673717,0.3663124867326283,0.6422711536045796,0.35772884639542035,0.7284817418975835,0.2715182581024165,0.6768115505147698,0.3231884494852302,0.6242941449325536,0.37570585506744636,0.5312628878323585,0.46873711216764147,0.45476137543182094,0.5452386245681791,0.20035215885097007,0.7905948235717598,0.2534195176561066,0.2382556292242084,0.03402125688968501,0.06984513943266069,-0.05271802677165879,0.7755656659173156,0.027200000000000002,0.07973333333333334,0.14163333333333333,0.8534010080645161,0.8468291368133742,0.8332163087131134,0.6297449596774194,0.6297501194131696,0.6317046970490658
0.25,PyMDE,2,True,0.05019425337736471,0.06931294524108192,0.19221756429083978,0.2266524389792647,0.2466594613301848,0.4711318666797764,0.6457383909661004,0.6255345795709106,0.37446542042908937,0.6219667866098055,0.37803321339019447,0.575445305415443,0.42455469458455697,0.5449613971815093,0.45503860281849073,0.5182396013026614,0.48176039869733855,0.45391682255521026,0.5460831774447897,0.3918201668488375,0.6081798331511625,0.6457383909661004,0.3918201668488375,0.6081798331511625,0.01857342977698282,0.0335550988188438,0.1955533929664978,0.22530926248826502,0.22603334798211813,0.46784241975066226,0.6240897507589318,0.6429599177864926,0.35704008221350736,0.6397927043033025,0.3602072956966975,0.694851682964046,0.305148317035954,0.6303105346253223,0.36968946537467773,0.5718683760837078,0.4281316239162922,0.46883377920084907,0.531166220799151,0.3917820091790087,0.6082179908209913,0.20035215885097007,0.7197025520558396,0.278381893017694,0.2946758618074188,0.12116219879850004,0.2845583451797736,0.3922037415352716,0.7862204800324115,0.03,0.07073333333333333,0.13213333333333332,0.819340120967742,0.8204089389286933,0.8203582678540248,0.7497086693548387,0.7464940975776185,0.7496001047668936
0.25,PCC,0,True,0.08148497155365286,0.13122737629944328,0.7501792985420408,0.7594970943535244,0.6423665518980133,0.7836780362858428,0.8797685085223295,0.702029721551484,0.297970278448516,0.6977401905769927,0.30225980942300734,0.6651989812162927,0.33480101878370727,0.5623518692797296,0.4376481307202704,0.47076493583148915,0.5292350641685108,0.6107994266263561,0.3892005733736439,0.5025846469440322,0.49741535305596785,0.8797685085223295,0.5025846469440322,0.49741535305596785,0.07561024699515817,0.11701214063855997,0.740690269773701,0.7512575892203478,0.620145132896771,0.7611961130988003,0.8607133075037963,0.6925080712115957,0.30749192878840426,0.689214183878717,0.310785816121283,0.3890031919772173,0.6109968080227828,0.3548572271939105,0.6451427728060894,0.33696108905148525,0.6630389109485147,0.42998313697909074,0.5700168630209093,0.3206626958788886,0.6793373041211114,0.20035215885097007,0.06658861017527792,3.0088052344626646,0.6446038456122811,0.5432660707064144,0.4230956292034285,0.6347601824421982,2.9028747639734345,0.0654,0.17306666666666667,0.3249333333333333,0.9467252016129032,0.9544429205049472,0.9641712938711368,0.9480391129032258,0.9550433299215285,0.9651451370700193
0.25,PCC,1,True,0.09195986834582096,0.14791772714287285,0.7543933830342028,0.7577981705123081,0.6324308091554879,0.7686694048898217,0.8702434809568118,0.7124438341051552,0.2875561658948448,0.7080297607010713,0.29197023929892874,0.6630892368635872,0.33691076313641277,0.5588416956307577,0.4411583043692423,0.4659821677061548,0.5340178322938451,0.615560258938072,0.384439741061928,0.5057515768942841,0.49424842310571593,0.8702434809568118,0.5057515768942841,0.49424842310571593,0.08504103159464378,0.13113133986284436,0.7447776641542513,0.7509863358052986,0.6189029148077378,0.7544985500068714,0.856273912481128,0.710226927297146,0.289773072702854,0.7047429245511753,0.29525707544882474,0.37792508897608995,0.6220749110239101,0.34235480187691375,0.6576451981230862,0.32633787677275067,0.6736621232272493,0.4347553372325837,0.5652446627674164,0.32430500691834613,0.6756949930816538,0.20035215885097007,0.06435667305761943,3.1131528298796924,0.6185481813062812,0.4915693363190201,0.36228782357409833,0.5962523266096947,2.874507418782147,0.0622,0.1664,0.3174666666666666,0.9442933467741935,0.9518839303991812,0.9614047494325126,0.9469941532258065,0.9538152848857046,0.9638998428496595
0.25,PCC,2,True,0.08285929370515997,0.1338945006438283,0.7480028732217942,0.756973605578058,0.6378712855509573,0.7775523082931503,0.8775203250343225,0.7229949113804175,0.2770050886195825,0.7197020106946896,0.28029798930531036,0.6673624834581238,0.33263751654187623,0.5643857567290717,0.43561424327092835,0.47311367060827697,0.526886329391723,0.61216733094899,0.38783266905101,0.5035350333302924,0.49646496666970763,0.8775203250343225,0.5035350333302924,0.49646496666970763,0.07233073092285598,0.11187043824888579,0.7349583861291819,0.7460720783798354,0.6153150309020605,0.7574336619192424,0.8592842454512413,0.7374917870015523,0.26250821299844773,0.7284103208181008,0.27158967918189925,0.3967935811999251,0.603206418800075,0.3603526822961306,0.6396473177038694,0.34187358322896527,0.6581264167710348,0.4319837722889564,0.5680162277110437,0.3219317291710852,0.6780682708289147,0.20035215885097007,0.0655204362293103,3.057857523258421,0.6376254208007016,0.4646797982345288,0.4293836789221606,0.638500035247151,2.8854589481044837,0.0576,0.15839999999999999,0.3000666666666667,0.9432663306451613,0.9496923916751961,0.9591499563471276,0.9459389112903226,0.9528415557830092,0.9630078924393225
0.25,t-SNE,0,True,0.26153525926676374,0.29206767456777755,0.7850244216733674,0.74966914208501,0.5635346202394345,0.45460489900489387,0.3956921233432218,0.4870906841155626,0.5129093158844373,0.4737984060171626,0.5262015939828374,0.728165123612836,0.27183487638716397,0.60422556870608,0.39577443129392,0.4957303653686276,0.5042696346313724,0.4368015749755187,0.5631984250244813,0.41020861719035834,0.5897913828096417,0.3956921233432218,0.41020861719035834,0.5897913828096417,0.015943140151500706,0.039397253865792174,0.7238154637101519,0.7374543697345015,0.568930419005076,0.4566142286786051,0.39703354886110226,0.49525868974550147,0.5047413102544985,0.49836548451810353,0.5016345154818964,0.4052434477856494,0.5947565522143505,0.3590914783601303,0.6409085216398698,0.3383655978607807,0.6616344021392193,0.4147257507582521,0.585274249241748,0.42176351112119426,0.5782364888788057,0.20035215885097007,0.06338660929554196,3.1607962798076503,0.4863081781607373,0.4804509028856929,0.005427095939430261,-0.04590411992703746,0.5972819314113582,0.2582,0.3279333333333333,0.4399666666666667,0.9661840725806452,0.966239031047424,0.9721348000698447,0.9749645161290322,0.9719015353121802,0.9755705255805832
0.25,t-SNE,1,True,0.26242284287663686,0.28893519265936984,0.7825603663923079,0.7470418420983465,0.5556154778727528,0.47658829520068513,0.45659505516888416,0.4897784595490533,0.5102215404509467,0.4710069969497414,0.5289930030502585,0.7196256583532054,0.28037434164679464,0.5957139626469822,0.4042860373530178,0.4882680936441944,0.5117319063558057,0.42557964813350724,0.5744203518664928,0.3959979423232156,0.6040020576767844,0.45659505516888416,0.3959979423232156,0.6040020576767844,0.011183551593601364,0.04185354170311044,0.7197047018071713,0.7242158799886455,0.5515426538892704,0.4805146338404915,0.4567140582259712,0.49748531185123995,0.5025146881487601,0.4991654645509221,0.500834535449078,0.3834920345625617,0.6165079654374384,0.3459356677497274,0.6540643322502726,0.329480605061151,0.670519394938849,0.3873567833128313,0.6126432166871687,0.39144958229109894,0.6085504177089011,0.20035215885097007,0.06403412425230627,3.128834214418949,0.4551851419496572,0.4766889072390093,0.01218559356449296,0.040099029524322725,0.6556000126596416,0.2644,0.33013333333333333,0.44016666666666665,0.9664987903225807,0.9661975435005118,0.9719744368779466,0.9748737903225806,0.9716554759467758,0.9752834293696525
0.25,t-SNE,2,True,0.2643173705342936,0.29648666619035124,0.7850101074490936,0.7486937715728027,0.5646803860360945,0.4961670218454743,0.4658078831153659,0.4882301621535355,0.5117698378464646,0.4702424221706778,0.5297575778293222,0.7311967023549405,0.2688032976450595,0.612931866420324,0.38706813357967595,0.5109697369250591,0.4890302630749409,0.44244846820642997,0.55755153179357,0.4053549062863874,0.5946450937136126,0.4658078831153659,0.4053549062863874,0.5946450937136126,0.018946281731483276,0.04027146414199751,0.7199387140628228,0.726454161304592,0.5585266904819132,0.4931042713891611,0.4646676679938982,0.4953738745442052,0.5046261254557949,0.49926257821074493,0.5007374217892551,0.4213922385043854,0.5786077614956147,0.38406502124448616,0.6159349787555138,0.367341534576662,0.632658465423338,0.40951118817135784,0.5904888118286422,0.4032339860793816,0.5967660139206183,0.20035215885097007,0.06634366569207074,3.0199139098054957,0.49011565308438587,0.468834485961841,0.010894809580694609,-0.025269779541410114,0.7540222362803747,0.263,0.33193333333333336,0.44093333333333334,0.9664336693548388,0.9663464346639372,0.9722117338920901,0.9752100806451612,0.9720549300580007,0.9756943949711891
0.25,UMAP,0,True,0.1355075908721548,0.10093352226453337,0.7260163288587591,0.732846370019553,0.5616017129302816,0.5771422850568652,0.6089220035895185,0.47239216832142356,0.5276078316785764,0.4663661320632716,0.5336338679367284,0.7511237928273508,0.24887620717264924,0.622486458605217,0.377513541394783,0.5113582964738642,0.4886417035261358,0.43113951172803655,0.5688604882719634,0.3848314411552603,0.6151685588447398,0.6089220035895185,0.3848314411552603,0.6151685588447398,0.0063635716597433565,0.020465265196581345,0.7112530969398482,0.722285636977174,0.5516133062625623,0.5724517168717537,0.606120722490583,0.4837361090878153,0.5162638909121847,0.4903143900934664,0.5096856099065337,0.4194660788021287,0.5805339211978713,0.36945368438213383,0.6305463156178661,0.35026033992909883,0.6497396600709011,0.35290029226632463,0.6470997077336753,0.3402834839560405,0.6597165160439595,0.20035215885097007,0.02924516014041871,6.85078002271119,0.4835900319787689,0.4921362792275748,0.011506218688649962,0.2523477203359094,0.7959784154760553,0.1332,0.23713333333333333,0.36893333333333334,0.9513983870967742,0.9565165472534971,0.9654290553518422,0.9644594758064516,0.9626180143295804,0.9676268552470753
0.25,UMAP,1,True,0.12472105726408768,0.08714800873870626,0.7230339264988822,0.7289292900630135,0.551519315499502,0.5946976317035843,0.6647485199771935,0.4715652312004322,0.5284347687995679,0.47612591161467366,0.5238740883853263,0.7477989666384905,0.25220103336150945,0.6172890016193281,0.3827109983806719,0.5037692776932691,0.49623072230673093,0.4223937988522894,0.5776062011477106,0.37001443017147817,0.6299855698285218,0.6647485199771935,0.37001443017147817,0.6299855698285218,0.0012358103639278214,0.012020424931254757,0.7079136829729764,0.7207383108198824,0.5477027432561177,0.59526495707438,0.6619554887999998,0.48167792966417766,0.5183220703358223,0.4901071578463534,0.5098928421536466,0.40938749901482174,0.5906125009851783,0.359265703655336,0.6407342963446641,0.3372576799120191,0.662742320087981,0.3231690973532643,0.6768309026467356,0.3044192164042549,0.695580783595745,0.20035215885097007,0.027422149749241946,7.306216350033191,0.46102767079483037,0.46483476148781944,0.027594703245590834,0.2536315328891298,0.8384742265674245,0.13799999999999998,0.23933333333333331,0.3604,0.95003125,0.956474240873422,0.9652310110005239,0.9641155241935484,0.9620672125554418,0.9670573773354286
0.25,UMAP,2,True,0.13507538720951884,0.10081987512382962,0.7279059387780656,0.7369397749557909,0.5698067329242689,0.4859990660444546,0.4463973690966277,0.4676290330504462,0.5323709669495538,0.46491088172179684,0.5350891182782032,0.7391758323499957,0.26082416765000427,0.603322805650959,0.39667719434904103,0.4825165937434564,0.5174834062565437,0.42415990557043726,0.5758400944295627,0.404279121126143,0.595720878873857,0.4463973690966277,0.404279121126143,0.595720878873857,-0.00245600930293459,0.019725044195669596,0.7158037112152006,0.7395192538984833,0.5739564418317514,0.4963483351108313,0.43939788790731615,0.48186197252808965,0.5181380274719103,0.4885788234602332,0.5114211765397668,0.38028767629003374,0.6197123237099662,0.32138266973751783,0.6786173302624822,0.29559554264781546,0.7044044573521846,0.3723153651005897,0.6276846348994103,0.39590829641639974,0.6040917035836002,0.20035215885097007,0.030885814424942537,6.486866627326854,0.49310834565646416,0.5044398776730186,0.013613775877553658,0.12140450324533891,0.6270021326051305,0.1368,0.23986666666666664,0.3647,0.9508792338709677,0.9561694302285909,0.9653738431988825,0.9642590725806451,0.9628569089048107,0.967557604330365
0.25,toorPIA,0,True,0.10155700450745057,0.1614996990772415,0.6508542870578751,0.7216389189253167,0.6998513516238424,0.8315313225280051,0.8951708876589525,0.47155959949043685,0.5284404005095631,0.46714304113395616,0.5328569588660439,0.46841414027476563,0.5315858597252343,0.43513293013628507,0.5648670698637149,0.3903848640885451,0.6096151359114549,0.5894523049248902,0.4105476950751098,0.49620633889743365,0.5037936611025664,0.8951708876589525,0.49620633889743365,0.5037936611025664,0.09272900189546776,0.15459507587860347,0.6611161312768945,0.7121687174075109,0.6564195032635414,0.7985581694895396,0.8728303920107975,0.48256944816096026,0.5174305518390397,0.4773251160706899,0.52267488392931,0.420445162656523,0.579554837343477,0.36800402310278796,0.6319959768972121,0.32662460201538646,0.6733753979846135,0.4219775006084362,0.5780224993915638,0.3263738635831441,0.6736261364168559,0.20035215885097007,0.22609208068053518,0.8861529260463782,0.732975718311309,0.5475585348381811,0.331651503147527,0.5770879317809495,2.5564217214347145,0.0698,0.17473333333333332,0.3186666666666667,0.9476038306451613,0.9533662913681338,0.9611352889820151,0.9428131048387097,0.9479494370522006,0.9565826436179501
0.25,toorPIA,1,True,0.10155773846674447,0.16149990253346408,0.6508543381724616,0.7216389049919103,0.6998513995415198,0.8315313744693279,0.8951708861093141,0.4715597382927047,0.5284402617072953,0.46714318871411126,0.5328568112858887,0.4684140823651072,0.5315859176348928,0.435132877598415,0.564867122401585,0.39038484651979816,0.6096151534802019,0.5894523910133536,0.41054760898664644,0.4962063867389722,0.5037936132610278,0.8951708861093141,0.4962063867389722,0.5037936132610278,0.0927291565965473,0.1545956023104003,0.6611163239638054,0.7121687764759917,0.6564195640102082,0.7985581977566081,0.8728304235996989,0.4825696182413368,0.5174303817586632,0.47732521022135227,0.5226747897786477,0.420445242045341,0.5795547579546589,0.3680040481518761,0.631995951848124,0.3266246042545236,0.6733753957454764,0.42197756832636446,0.5780224316736355,0.32637391108891295,0.673626088911087,0.20035215885097007,0.2260921926424607,0.8861524872192488,0.7329758221812758,0.5475586394385118,0.3316510399421755,0.5770876398843229,2.556419921833084,0.0698,0.17473333333333332,0.3186666666666667,0.9476070564516129,0.9533662913681338,0.9611360572725686,0.9428131048387097,0.9479494370522006,0.9565824340841628
0.25,toorPIA,2,True,0.10155676918356026,0.1615000077516511,0.6508552338972136,0.721639363552257,0.6998514488312272,0.8315313290361298,0.8951709009506671,0.47155960055275653,0.5284403994472435,0.4671429457633473,0.5328570542366526,0.468414384119296,0.531585615880704,0.43513307310958305,0.564866926890417,0.3903849005456887,0.6096150994543112,0.5894523939319125,0.4105476060680875,0.49620638946810497,0.503793610531895,0.8951709009506671,0.49620638946810497,0.503793610531895,0.09272678382184736,0.15459352813168376,0.6611164130513449,0.7121689084912789,0.6564194032491542,0.7985581209841377,0.8728302962940074,0.48256943423652826,0.5174305657634717,0.47732515068077763,0.5226748493192224,0.42044460455505384,0.5795553954449462,0.3680037194128025,0.6319962805871975,0.3266244915576558,0.6733755084423442,0.4219776377222784,0.5780223622777216,0.32637390012441475,0.6736260998755852,0.20035215885097007,0.22609498460248625,0.8861415444629324,0.7329757051992484,0.5475586280453524,0.3316517512355823,0.5770880885484122,2.5564031922956865,0.0698,0.17473333333333332,0.3187,0.9476122983870968,0.9533662913681338,0.9611389558232932,0.9428141129032258,0.947949846468782,0.9565831325301205
0.1,PCA,0,False,0.04213951663098238,0.06710036820929294,0.4349233146731877,0.6429079902057495,0.5885962705532435,0.5066399358250475,0.7230656043068799,0.49216823417620814,0.5078317658237919,0.49581604638770677,0.5041839536122932,0.6845687477725855,0.3154312522274145,0.6349586474465567,0.3650413525534433,0.5765114382477391,0.4234885617522609,0.5439578477508651,0.4560421522491349,0.5392901018846544,0.4607098981153456,0.7230656043068799,0.5392901018846544,0.4607098981153456,0.10811659977076317,0.1444581768131487,0.48867515145897633,0.6613561647678559,0.5918607457987644,0.5050628813978452,0.717594482793464,0.48002601507310627,0.5199739849268937,0.4848642728928327,0.5151357271071673,0.49932229062385514,0.5006777093761449,0.4980926707981553,0.5019073292018448,0.4929392834621507,0.5070607165378493,0.48585561747816725,0.5141443825218328,0.3925004307319238,0.6074995692680762,0.21750838290884267,0.14948968369983037,1.4550059744964827,0.5114609079907184,0.02455138246276121,0.6572939540994356,0.7080086399157878,2.1445241879026637,0.034,0.0896,0.1719,0.8483463709677419,0.8536936199249403,0.8627451370700192,0.8984522177419355,0.9023209825997953,0.9104836738257377
0.1,Isomap,0,False,-0.00361086205069239,-0.001230542968968266,0.39367233127913176,0.6673825614829575,0.6150694675110127,0.49792649532236505,0.23125101409067553,0.5887948444178432,0.41120515558215676,0.6006283784748497,0.39937162152515027,0.6592981993933242,0.34070180060667576,0.5710067285299938,0.4289932714700062,0.48085808571338706,0.5191419142866129,0.4320604170059051,0.567939582994095,0.47827740893534726,0.5217225910646528,0.23125101409067553,0.47827740893534726,0.5217225910646528,0.008622590589441497,0.01700016373006042,0.4067252472628158,0.6687408065773828,0.6133332639447163,0.4972962050928593,0.2323435486416798,0.6167011690159121,0.3832988309840879,0.6199058114480787,0.38009418855192134,0.4663488542268295,0.5336511457731705,0.39854451323762635,0.6014554867623736,0.3690285466530032,0.6309714533469968,0.35738816290822295,0.642611837091777,0.537389943983759,0.46261005601624094,0.21750838290884267,0.25264233999133395,0.8609340101754265,0.48079576746732955,0.1591163035198486,0.0224784318246352,0.1632434101341733,0.32322132175631846,0.0466,0.11633333333333334,0.1804,0.9011947580645161,0.8896287956328898,0.8845379779989524,0.8889368951612904,0.8962252473558512,0.903421058145626
0.1,PyMDE,0,True,0.04903875156679599,0.07064706010927312,0.22006536011609787,0.3095856021847679,0.312521434738261,0.31612438290320943,0.5754705233892438,0.6423814573634918,0.35761854263650816,0.6378494324616129,0.36215056753838715,0.6001813505576383,0.3998186494423617,0.5470814353389378,0.4529185646610622,0.5019861342206515,0.4980138657793485,0.47702954044015167,0.5229704595598483,0.41247127943504786,0.5875287205649522,0.5754705233892438,0.41247127943504786,0.5875287205649522,0.02622788807796822,0.041088620240223576,0.209444181542659,0.30529234976713326,0.2996928892303992,0.298536352441429,0.5656506213586097,0.6509028156092885,0.34909718439071147,0.6512324561379371,0.3487675438620629,0.7094353998905442,0.29056460010945584,0.6371281751686805,0.3628718248313195,0.5605209378248969,0.43947906217510313,0.5156968068389873,0.48430319316101267,0.4124337626941025,0.5875662373058975,0.21750838290884267,0.7195384138770153,0.3022887711260118,0.3352117240847504,0.04729403409139218,0.07765480663959526,0.023115778335337178,0.8041995562890499,0.0346,0.09559999999999999,0.16656666666666667,0.8844927419354839,0.8650087342204026,0.8458901344508469,0.6888796370967742,0.6913564653701808,0.6930977125894884
0.1,PyMDE,1,True,0.037998334696299686,0.05079166991752685,0.10444742645115183,0.14990382694643536,0.18679603062242875,0.23274672856445272,0.5222724444178442,0.5893310734527326,0.4106689265472674,0.5835798707687551,0.41642012923124494,0.5627576144364351,0.4372423855635649,0.5313531265267429,0.46864687347325706,0.5002152858940934,0.49978471410590664,0.47982431486618915,0.5201756851338109,0.4156643132751553,0.5843356867248447,0.5222724444178442,0.4156643132751553,0.5843356867248447,0.010305161178765692,0.029005493383482385,0.09272475774770986,0.14722805141645212,0.1786474385123941,0.21317559662333238,0.5090609321745383,0.5939105375488162,0.4060894624511838,0.5952063578739983,0.40479364212600166,0.7220562911784136,0.27794370882158637,0.6667173690141924,0.33328263098580757,0.5896009952813293,0.41039900471867075,0.5414236081914869,0.45857639180851306,0.4325920529647853,0.5674079470352147,0.21750838290884267,0.7577706740099736,0.28703721372302654,0.2583173357447848,0.04887283389487593,0.07894492964168046,0.027304945935524086,0.825034017418643,0.0346,0.08586666666666667,0.13926666666666668,0.8302725806451613,0.8152400545888775,0.7817864501484197,0.6385241935483871,0.6369864892528148,0.6380740352715208
0.1,PyMDE,2,True,0.019470106199896215,0.036401408744683235,0.23819958223364196,0.3877675457503842,0.40340796925791517,0.4023700630958992,0.608906823312359,0.665569035692836,0.334430964307164,0.6686832447185681,0.3313167552814319,0.626800084821602,0.373199915178398,0.559730909482527,0.440269090517473,0.5053493862279749,0.4946506137720251,0.4760927191991765,0.5239072808008235,0.4118892197645086,0.5881107802354915,0.608906823312359,0.4118892197645086,0.5881107802354915,0.027808815036394503,0.048691716008305824,0.24072617261959567,0.3866769209446935,0.3955713003767313,0.3848920110280629,0.5970147046452852,0.6806997138362637,0.3193002861637363,0.6788322602637771,0.3211677397362229,0.7115377422740158,0.2884622577259842,0.6215161709517016,0.37848382904829836,0.5408499653862058,0.4591500346137942,0.49833397551801467,0.5016660244819853,0.40511234490726106,0.5948876550927389,0.21750838290884267,0.6890073337508918,0.3156836977695829,0.42413223072745443,0.04753427437352533,0.07988160395858622,0.04600187510500248,0.7984788656894285,0.0386,0.1042,0.17213333333333333,0.8596072580645161,0.8586660525417946,0.8462834293696525,0.7309508064516129,0.7333614466052542,0.7360767592107561
0.1,PCC,0,True,0.09234567061709444,0.13551764131623123,0.5732921655072052,0.7919369375794906,0.7207395777109384,0.6307021736922338,0.7894376577616384,0.7169818750466094,0.2830181249533906,0.7182338795647175,0.2817661204352825,0.7641363088275518,0.2358636911724482,0.6167090790415093,0.3832909209584907,0.48353399583575885,0.5164660041642412,0.410380779532077,0.5896192204679229,0.5349724785956812,0.4650275214043188,0.7894376577616384,0.5349724785956812,0.4650275214043188,0.11484455645233978,0.15268568357006237,0.5801616948577967,0.7912127072768478,0.7084475259468468,0.6058205534775614,0.7751593703198051,0.7147388248902217,0.28526117510977833,0.7185040313917636,0.28149596860823645,0.4301064225045685,0.5698935774954315,0.32069739538299746,0.6793026046170025,0.283862827369545,0.7161371726304551,0.2702124780319504,0.7297875219680496,0.36799932821886644,0.6320006717811335,0.21750838290884267,0.06801344191580488,3.198020520386255,0.6297734990426173,0.25742726736616206,0.26376447089549354,0.37290655030049513,2.231175253328693,0.05639999999999999,0.1372,0.23979999999999999,0.9314560483870968,0.9382734220402593,0.9485100401606426,0.9357572580645162,0.9411007847151143,0.9503022175659158
0.1,PCC,1,True,0.09179634929935783,0.13232284723967236,0.5691575559022394,0.7873540468387417,0.7230262092684563,0.644025777632862,0.7994724821961492,0.898211463304469,0.101788536695531,0.895478177894167,0.10452182210583305,0.7923914995643926,0.2076085004356074,0.6339601067610403,0.3660398932389597,0.4995886803529003,0.5004113196470996,0.4282872125832185,0.5717127874167816,0.5322524650330464,0.46774753496695365,0.7994724821961492,0.5322524650330464,0.46774753496695365,0.11634637488345614,0.1527422363950861,0.5743189506113316,0.7851477975328106,0.7079122960373755,0.6178513826260223,0.7830404799528795,0.8988350472735827,0.10116495272641735,0.885438625781199,0.11456137421880097,0.5309100150306888,0.4690899849693112,0.3751653596762688,0.6248346403237313,0.3181523699040506,0.6818476300959494,0.3023928267045521,0.6976071732954479,0.3670757512089762,0.6329242487910238,0.21750838290884267,0.06925051603118927,3.1408918716342926,0.6510630042815794,0.1804597509285345,0.2622799564612198,0.35252039536398566,2.187810838602671,0.051000000000000004,0.13046666666666668,0.2318666666666667,0.9285608870967742,0.9345079495052883,0.9444278330714161,0.9303366935483871,0.9345565336062778,0.9441647284791339
0.1,PCC,2,True,0.09901480795390193,0.14293575998317046,0.5775388995247508,0.791856829147328,0.7289774433113686,0.65136333487464,0.8036334138945994,0.7048543707857983,0.29514562921420173,0.6995091212599457,0.3004908787400543,0.7500561127710946,0.24994388722890537,0.6070073113289141,0.39299268867108594,0.47674582287917494,0.523254177120825,0.40466180230768434,0.5953381976923157,0.5286539125667726,0.47134608743322737,0.8036334138945994,0.5286539125667726,0.47134608743322737,0.11699535158928984,0.1514313934141817,0.577415317403008,0.7900614745983943,0.7169404216515458,0.6270525630080014,0.7878311657982616,0.7057259302372529,0.29427406976274706,0.6987510212676662,0.3012489787323338,0.4189008311409798,0.5810991688590201,0.3142368446442294,0.6857631553557706,0.27729882061640126,0.7227011793835987,0.26408198011719164,0.7359180198828084,0.3612518161915308,0.6387481838084692,0.21750838290884267,0.07589361436428554,2.865964214918179,0.6559608933007671,0.24649730175264853,0.2619927853270773,0.3713962100253971,2.1537707358604927,0.0522,0.1318,0.2391,0.930923185483871,0.9385501194131696,0.9489157674174961,0.9358405241935484,0.9415284203343569,0.9509738082765846
0.1,t-SNE,0,True,0.2679672609104187,0.27795928949489607,0.64018327668284,0.7992007955108866,0.6723169329452766,0.5189787687738342,0.5387812910486129,0.4677510287126138,0.5322489712873861,0.4483756719950031,0.5516243280049968,0.7946636145625469,0.20533638543745314,0.6395627352161339,0.36043726478386606,0.5060231809306811,0.4939768190693189,0.4347193333087252,0.5652806666912749,0.38876853658540267,0.6112314634145973,0.5387812910486129,0.38876853658540267,0.6112314634145973,0.053928862295949724,0.09414340420782195,0.54602976348678,0.7694889043919783,0.661682032043494,0.5094223526466289,0.5322692260958318,0.47965138702126403,0.520348612978736,0.4704184043114882,0.5295815956885118,0.44817814681122664,0.5518218531887733,0.3421311099552068,0.6578688900447932,0.3115472665875455,0.6884527334124545,0.30536648921372767,0.6946335107862723,0.35769054542716977,0.6423094545728303,0.21750838290884267,0.08028322737078496,2.7092630681660155,0.48742774853589604,0.5563610269575632,0.02138294239439296,0.16653348377843172,0.6285638762184682,0.2716,0.30700000000000005,0.34563333333333335,0.9570576612903225,0.9527676560900716,0.9566560852104069,0.965854435483871,0.9603065165472535,0.9620177754496246
0.1,t-SNE,1,True,0.266137787157339,0.2740224183130781,0.6375688025322952,0.8000810384103534,0.6752811400137305,0.5235573795325323,0.5559978201194048,0.46684302327364186,0.5331569767263582,0.44849096378756964,0.5515090362124304,0.7880214459956071,0.21197855400439292,0.6355266770924171,0.36447332290758294,0.5024527249661789,0.4975472750338211,0.4311881751129641,0.568811824887036,0.3831065470798222,0.6168934529201777,0.5559978201194048,0.3831065470798222,0.6168934529201777,0.054284625382075256,0.08450409309473285,0.5369077954050658,0.7697176119792136,0.6660523557346895,0.5148107480430838,0.5510357176691248,0.47901024550231014,0.5209897544976898,0.4713347050751151,0.5286652949248849,0.4422944817599445,0.5577055182400554,0.33903048612004766,0.6609695138799523,0.30774748640091604,0.692252513599084,0.3011128421369946,0.6988871578630054,0.3482139721069349,0.6517860278930652,0.21750838290884267,0.08389844185146456,2.5925199337303995,0.5002913609724013,0.5595112663257882,-0.01173931878818181,0.13832655991569015,0.5994953375609812,0.27759999999999996,0.3124,0.3458,0.9569715725806451,0.9529595359945411,0.9564898201501659,0.9663915322580645,0.9601186625725009,0.9615799546010128
0.1,t-SNE,2,True,0.26390084956091003,0.27713255629725764,0.6396465688612926,0.7991470074812826,0.6697707517316653,0.5058042364700389,0.5745079350920355,0.46603206503421624,0.5339679349657838,0.44748828078044706,0.552511719219553,0.7910154328281191,0.20898456717188085,0.6396103322676233,0.3603896677323767,0.508488596457953,0.49151140354204703,0.4392198944113427,0.5607801055886573,0.3782991591268465,0.6217008408731535,0.5745079350920355,0.3782991591268465,0.6217008408731535,0.05087756266430519,0.08682987793200934,0.5454567019565556,0.7711393364889367,0.6644124607061498,0.5048001596520675,0.5730877658648007,0.47998585833935625,0.5200141416606437,0.47121119424827096,0.528788805751729,0.4498600175527256,0.5501399824472744,0.3511720983772129,0.6488279016227871,0.32042513744811757,0.6795748625518825,0.31411135835186726,0.6858886416481327,0.3382258960922878,0.6617741039077122,0.21750838290884267,0.08610146375320214,2.5261868199163278,0.47362991115192676,0.559024051210351,-0.00836077036294166,0.14120370888754125,0.7386033766090808,0.2692,0.3080666666666667,0.3451,0.9560733870967741,0.9524040259297168,0.9566379605378034,0.9664237903225806,0.9601938587512794,0.9616171817705605
0.1,UMAP,0,True,0.15809496884310476,0.1109089089848477,0.5039838565009733,0.7588788389945385,0.6637589644457855,0.5201804673143249,0.4987982398219386,0.45013105834614886,0.5498689416538511,0.4380073661093951,0.5619926338906049,0.8449678881966283,0.15503211180337173,0.67280294408444,0.32719705591556003,0.5277508255541882,0.4722491744458118,0.45002945230135044,0.5499705476986496,0.4074704340713196,0.5925295659286804,0.4987982398219386,0.4074704340713196,0.5925295659286804,0.018783093167444823,0.05106136940708252,0.4959261363603933,0.7571330258857365,0.6621394706878141,0.5157369567463368,0.49475471101508156,0.46428915777544527,0.5357108422245547,0.46003910211036975,0.5399608978896302,0.5083679946441633,0.49163200535583673,0.36605141699515226,0.6339485830048477,0.32028348011396607,0.679716519886034,0.30806951800062843,0.6919304819993716,0.38418360431548987,0.6158163956845102,0.21750838290884267,0.03635267078075922,5.983284810643562,0.4945766746116204,0.42371566985758047,0.017420727492126017,0.15031767916684544,0.6988948769615805,0.1348,0.24213333333333334,0.2884,0.9363451612903226,0.9408667349027635,0.9467873930504627,0.9553457661290322,0.9492070965540771,0.9488020604155754
0.1,UMAP,1,True,0.15350217230519472,0.1207257728779791,0.5087979752452209,0.7608158276351084,0.6655059277103608,0.5165842680968007,0.48473752677355786,0.4539488693222967,0.5460511306777033,0.44052699045787047,0.5594730095421295,0.8467903294611174,0.15320967053888257,0.6753490836833628,0.32465091631663723,0.5309822225186368,0.4690177774813632,0.4540838662678842,0.5459161337321158,0.41293329080635144,0.5870667091936486,0.48473752677355786,0.41293329080635144,0.5870667091936486,0.03684509624348402,0.0629302482326384,0.5075019399088803,0.7610979169649787,0.6662251886413411,0.5179414386187463,0.4857177277529701,0.4634013565288844,0.5365986434711156,0.46041023121959135,0.5395897687804087,0.5134696239226477,0.4865303760773523,0.37281053546020426,0.6271894645397957,0.3265972117397097,0.6734027882602903,0.3140229832327795,0.6859770167672206,0.39064488155538923,0.6093551184446108,0.21750838290884267,0.03923966102181385,5.543074971721261,0.48754684137174825,0.46369008023519254,-0.01715444260386269,0.10462206259818671,0.6487857707233274,0.13440000000000002,0.242,0.29003333333333337,0.9353633064516129,0.9412617536676902,0.947730015715034,0.9552612903225807,0.9501542135789833,0.9480330714160992
0.1,UMAP,2,True,0.15435956124004432,0.12900039191561607,0.5210866712521098,0.7651578307379253,0.6621113523485693,0.510092928772036,0.5461955495422831,0.45253060375296195,0.547469396247038,0.44013321162523655,0.5598667883747634,0.8434021260384253,0.15659787396157465,0.6728118606317974,0.32718813936820257,0.5283603249689756,0.47163967503102444,0.4497156823757103,0.5502843176242898,0.4021438590180667,0.5978561409819333,0.5461955495422831,0.4021438590180667,0.5978561409819333,0.027971224315409715,0.06889240047968342,0.5158037981663973,0.7643795054263973,0.6623334174202943,0.5059750585125303,0.545018229679941,0.46302105670484023,0.5369789432951597,0.4593311077076737,0.5406688922923263,0.5065636342779144,0.4934363657220856,0.36762338842301867,0.6323766115769813,0.32240911675407036,0.6775908832459296,0.3092014376146292,0.6907985623853707,0.3522453436247052,0.6477546563752947,0.21750838290884267,0.040253572687412316,5.403455355326998,0.4799229450253945,0.46389899221003006,-0.018982861617668673,0.10410466037049118,0.8102407527565445,0.1312,0.23879999999999998,0.29123333333333334,0.9367417338709677,0.9413221426134425,0.948293486991444,0.9559383064516129,0.9504228590924599,0.9470662126767941
0.1,toorPIA,0,True,0.11590498410890993,0.152617196395055,0.5148964533288652,0.7486473981082561,0.7505238267593255,0.7309062163010875,0.8565816843397264,0.45566188183222806,0.544338118167772,0.45139429449655705,0.548605705503443,0.4664840389030104,0.5335159610969896,0.44727621458291245,0.5527237854170876,0.39862953246763433,0.6013704675323657,0.36441796547055216,0.6355820345294478,0.6104102524856534,0.3895897475143466,0.8565816843397264,0.6104102524856534,0.3895897475143466,0.1325586600353183,0.1835071784893773,0.5515185521475976,0.7574880590920863,0.7295189418761935,0.6891784280530192,0.832145944052397,0.4619871823684264,0.5380128176315736,0.4499532754334159,0.5500467245665841,0.43592953360025777,0.5640704663997422,0.3623598302490457,0.6376401697509543,0.3211545870362672,0.6788454129637328,0.29428274985397046,0.7057172501460296,0.4659430642622787,0.5340569357377213,0.21750838290884267,0.26222012975931697,0.8294877403519184,0.7500154811302125,0.4236736066155635,0.41106116900329154,0.498369986077929,3.164533723020847,0.06820000000000001,0.15746666666666667,0.2546,0.9337177419354838,0.9400940975776185,0.9497629823642396,0.9377947580645162,0.9418151484135108,0.9486684477038589
0.1,toorPIA,1,True,0.11590190757255447,0.15261772299564574,0.5148932348085804,0.7486464101457421,0.7505233944958483,0.7309062799055414,0.8565819703770224,0.45566385994862163,0.5443361400513784,0.45139424133592054,0.5486057586640795,0.4664855327576591,0.5335144672423409,0.44727731103949847,0.5527226889605015,0.3986295831090153,0.6013704168909847,0.3644177857276658,0.6355822142723342,0.6104099480287581,0.38959005197124186,0.8565819703770224,0.6104099480287581,0.38959005197124186,0.13254391926634737,0.1834953080112658,0.551521371465324,0.7574892126237569,0.7295176309895849,0.6891769128040713,0.8321447987150588,0.4619859718722411,0.5380140281277589,0.44995419823725996,0.5500458017627401,0.4359265691413076,0.5640734308586923,0.36235718327184196,0.637642816728158,0.3211538302780642,0.6788461697219358,0.29428269573953086,0.7057173042604692,0.46594284893149107,0.5340571510685089,0.21750838290884267,0.26222373634040896,0.829476331717284,0.7500154745263566,0.42367013634491774,0.411117768260599,0.4984181862871411,3.1646656094404615,0.06820000000000001,0.15753333333333333,0.2546,0.9337540322580645,0.9400947117024906,0.949741470228741,0.9377953629032258,0.9418169907881269,0.9486687620045399
0.1,toorPIA,2,True,0.11590160615002237,0.15261775345018203,0.5148937026633176,0.7486471608268871,0.7505236880345139,0.7309061551426422,0.8565818484599497,0.45566417894383643,0.5443358210561635,0.4513942926577645,0.5486057073422355,0.46648588054929907,0.5335141194507009,0.4472777139354423,0.5527222860645578,0.398629670159882,0.6013703298401181,0.3644177582672609,0.635582241732739,0.6104098407559423,0.3895901592440577,0.8565818484599497,0.6104098407559423,0.3895901592440577,0.1325408959097879,0.1834932551849264,0.5515216827818078,0.757489743788697,0.7295174356655936,0.6891763453426749,0.832144361218032,0.4619861904446319,0.5380138095553681,0.4499543304453353,0.5500456695546647,0.4359254510300589,0.564074548969941,0.3623563605923871,0.6376436394076129,0.32115346158155333,0.6788465384184467,0.29428246093987326,0.7057175390601267,0.4659427262076809,0.534057273792319,0.21750838290884267,0.26222741584988146,0.8294646927129873,0.7500151770862773,0.4236712237788356,0.4111240916750853,0.49842357154739736,3.1645953954467227,0.06820000000000001,0.1576,0.25453333333333333,0.9337758064516128,0.9401038553394746,0.9497354985158023,0.9377949596774193,0.9418166496076424,0.9486686572376463
0.05,PCA,0,False,0.0660069351484082,0.07254147151545286,0.3035836956805824,0.5787145538272627,0.5531558857953125,0.4803124932752012,0.6075178082133136,0.4922316030325289,0.5077683969674711,0.49473048713836193,0.505269512861638,0.6718897606663817,0.32811023933361827,0.6501827846845032,0.3498172153154968,0.5965118082283336,0.4034881917716664,0.5682645394711658,0.43173546052883416,0.5733998823465587,0.4266001176534413,0.6075178082133136,0.5733998823465587,0.4266001176534413,0.11867618727568145,0.16062713648866228,0.38378130716592534,0.6137313070421794,0.5619198217113448,0.4743123143207125,0.6006832844392084,0.48074851116207845,0.5192514888379216,0.48331866201249013,0.5166813379875099,0.49758363074503614,0.5024163692549639,0.5036732678371328,0.49632673216286716,0.5123901398112359,0.48760986018876407,0.5150831975014709,0.4849168024985291,0.46217650675627664,0.5378234932437234,0.2228949861967958,0.1466385832216072,1.5200295945300173,0.4729560586037764,-0.02473743820529843,0.6829993543641414,0.706296236223125,1.869487383014544,0.033,0.08033333333333334,0.1513,0.7654907258064516,0.7714668713749573,0.7762689715383273,0.8640727822580645,0.8669643125213238,0.8720006984459577
0.05,Isomap,0,False,-0.015601771421168887,-0.018070838596068364,0.22894461452903167,0.6640214041481948,0.6524378080269507,0.5291363626053018,0.3460773650287782,0.6126428144646988,0.3873571855353012,0.6229008101813427,0.3770991898186573,0.6851484713801427,0.3148515286198573,0.5865654483756197,0.41343455162438025,0.4796238546467839,0.5203761453532161,0.42499552288521014,0.5750044771147899,0.45108000397819925,0.5489199960218007,0.3460773650287782,0.45108000397819925,0.5489199960218007,-0.0006185264162205923,0.014244745646142436,0.26883423193193884,0.6708933504412995,0.6517294049061707,0.5297428092732759,0.3513299737544264,0.6355549117676821,0.3644450882323179,0.6395559779823778,0.36044402201762216,0.5059622895903871,0.49403771040961286,0.38119113606860316,0.6188088639313969,0.3482384097109552,0.6517615902890448,0.33806026063103695,0.661939739368963,0.47375853516253574,0.5262414648374643,0.2228949861967958,0.21864046458875133,1.0194589853989149,0.4682025482764675,0.20761701744319258,0.04347038127684939,0.07914424353193891,0.3705558632002672,0.0402,0.09613333333333333,0.1635,0.8881816532258064,0.8828015694302286,0.8743626331412607,0.8722842741935484,0.879142681678608,0.8861110179849834
0.05,PyMDE,0,True,0.05340769472748884,0.07172460095859466,0.24872291083052944,0.4685188269400444,0.5032519644787148,0.5007716075416161,0.6112407981921224,0.7512581585627144,0.24874184143728562,0.7440786533019069,0.2559213466980931,0.6983134803493426,0.3016865196506574,0.5922686537925266,0.4077313462074734,0.5036070099048591,0.49639299009514093,0.45306493952377797,0.546935060476222,0.40777731968857756,0.5922226803114224,0.6112407981921224,0.40777731968857756,0.5922226803114224,0.07363747059246524,0.09880473884224533,0.26696056788910155,0.4812706606931079,0.49200807817374087,0.4728978776027471,0.5909689013350724,0.764006765196609,0.23599323480339096,0.7546514906372879,0.24534850936271213,0.7209236555706731,0.27907634442932694,0.5944698188526653,0.40553018114733475,0.49987615358926857,0.5001238464107314,0.44959651704504044,0.5504034829549596,0.3846348082027309,0.6153651917972691,0.2228949861967958,0.21223803223591242,1.0502122727421335,0.5125947722979983,0.06258994299187864,0.15268993099815387,0.12781267409531227,0.8472023967099485,0.0396,0.09926666666666667,0.1629,0.8222875000000001,0.8111529170931422,0.8012037716081718,0.7858576612903225,0.7890223814397817,0.7926999476165532
0.05,PyMDE,1,True,0.061228840036911654,0.08468360266750971,0.23093033537414862,0.4303138466835767,0.4669714863549208,0.4653625487221295,0.5937890822878202,0.7399975874036083,0.2600024125963917,0.7299238160494946,0.27007618395050537,0.6895957664106066,0.3104042335893934,0.5850120472046275,0.4149879527953725,0.4979216528418933,0.5020783471581067,0.4529218266538022,0.5470781733461978,0.40784951232594496,0.5921504876740551,0.5937890822878202,0.40784951232594496,0.5921504876740551,0.05310446427180925,0.07704025177033323,0.23259794805103542,0.42862528730179755,0.4509315780172048,0.4417235130116994,0.5737532646817747,0.7429329958689899,0.25706700413101014,0.738623840530042,0.26137615946995796,0.7286043213983723,0.2713956786016277,0.611726639944563,0.388273360055437,0.5116095636437828,0.48839043635621715,0.4592529587462216,0.5407470412537785,0.3915568678824285,0.6084431321175715,0.2228949861967958,0.13651772857756306,1.6327182448699853,0.48132855542858055,0.08637192560547871,0.12163624242007262,0.08979616975065476,0.8286740640547914,0.0374,0.10233333333333333,0.16826666666666668,0.8190558467741935,0.8132099624701467,0.7985863104592282,0.761079435483871,0.7568720573183214,0.7597531691985333
0.05,PyMDE,2,True,0.03810661265252785,0.0602454240446132,0.24453541776598514,0.548120052282165,0.6105739464806592,0.5975678906568329,0.6670403219581497,0.7328774267244483,0.26712257327555167,0.7251051467818111,0.27489485321818885,0.6860667660773868,0.3139332339226132,0.5786415949083709,0.42135840509162914,0.4856258617700688,0.5143741382299312,0.4328543823713671,0.5671456176286329,0.3884132730662139,0.611586726933786,0.6670403219581497,0.3884132730662139,0.611586726933786,0.05447077139065866,0.07532257766015697,0.25660243112090636,0.5540728856359237,0.6011709744586554,0.5774765574312719,0.6479975782296092,0.7425068925284304,0.2574931074715696,0.7380873318558048,0.2619126681441952,0.6995918074240186,0.3004081925759814,0.5428506594225385,0.4571493405774615,0.4452350073251966,0.5547649926748034,0.39769260477329876,0.6023073952267013,0.35667222508652735,0.6433277749134727,0.2228949861967958,0.1280414292392929,1.7408036408296712,0.6046213421197887,0.015986179137234012,0.0648265693922707,0.03910460770115265,0.8170405804773221,0.0402,0.1052,0.18009999999999998,0.8776608870967741,0.8692040259297168,0.8578604854199406,0.8156459677419354,0.8167731149778232,0.8250025144054479
0.05,PCC,0,True,0.09216307834181096,0.11874455381809974,0.4290740199555614,0.7796846046476744,0.7727802082629087,0.6951305595469632,0.7532382124674198,0.8927240526065012,0.10727594739349877,0.8694982821463707,0.1305017178536293,0.8310423719781436,0.16895762802185643,0.658026486274538,0.34197351372546203,0.5110866537114517,0.4889133462885483,0.43117048861068485,0.5688295113893151,0.5124897274925344,0.4875102725074656,0.7532382124674198,0.5124897274925344,0.4875102725074656,0.12810071156779357,0.17301503937045712,0.4763257181740824,0.7913569386932378,0.762221504964634,0.6704226073219606,0.7372203517007166,0.8925886119006429,0.10741138809935713,0.8942845489387544,0.10571545106124558,0.6319168753570475,0.36808312464295245,0.3996964845372084,0.6003035154627916,0.3270444911393898,0.6729555088606102,0.3003301589755575,0.6996698410244425,0.36812814143129324,0.6318718585687068,0.2228949861967958,0.07284409584588379,3.0598909027352685,0.6710617366273813,0.02341173337197848,0.1976290898848544,0.21057401222638347,1.9351366384146163,0.0518,0.1316,0.2327,0.9267719758064517,0.9302423063800751,0.9383375938536755,0.9175439516129033,0.9232485158648925,0.9304217565915838
0.05,PCC,1,True,0.09194488229903179,0.12147950603959137,0.43184952674455274,0.77884647290144,0.7650946393200438,0.6901710017471899,0.7608058439915096,0.696909053159963,0.303090946840037,0.7098330637071185,0.2901669362928815,0.7819595357696166,0.21804046423038337,0.6295712791544813,0.3704287208455187,0.48630302297222006,0.5136969770277799,0.40857276080334715,0.5914272391966529,0.5087741130685238,0.4912258869314762,0.7608058439915096,0.5087741130685238,0.4912258869314762,0.12724954470604927,0.17189761734355857,0.4676574817416201,0.7873377785059731,0.7551066279639341,0.6643831850865228,0.7389994169864221,0.7768016332106418,0.22319836678935823,0.7450277555749072,0.2549722444250928,0.5059277010572031,0.4940722989427969,0.3286932213041967,0.6713067786958034,0.2797530785872753,0.7202469214127247,0.2628306533402446,0.7371693466597554,0.3607256531867153,0.6392743468132847,0.2228949861967958,0.07721545260337007,2.886662949989204,0.6804679752509106,0.0227301948511868,0.20262559446560688,0.2551686625000087,2.0029914704599365,0.0502,0.1336,0.24026666666666668,0.9283764112903226,0.9352947799385876,0.944388231185612,0.9304907258064516,0.9360116683725691,0.944537768465165
0.05,PCC,2,True,0.09389064218910219,0.1278302574913167,0.4377226928901871,0.7806972613952231,0.7704204526169514,0.6970834974848246,0.7638981230436794,0.8831330232646368,0.11686697673536317,0.8624013993745923,0.13759860062540774,0.8180106339926885,0.18198936600731153,0.6499195331269965,0.35008046687300354,0.503229858929862,0.49677014107013795,0.424009515148779,0.575990484851221,0.5055481425802766,0.4944518574197234,0.7638981230436794,0.5055481425802766,0.4944518574197234,0.12864040382368686,0.17216349091781674,0.47363483920206356,0.7896355063319366,0.76123838481363,0.6744733728181319,0.7454447265373281,0.8857624105912953,0.11423758940870465,0.8859334546329036,0.11406654536709637,0.6189927285766683,0.3810072714233317,0.38874691978481907,0.611253080215181,0.31833523024731586,0.6816647697526841,0.29159433809607854,0.7084056619039214,0.3602828098387414,0.6397171901612586,0.2228949861967958,0.07949074291433345,2.8040370239967185,0.6857374835552845,-0.006032520675480632,0.19209164580293434,0.20455409897835636,1.9382669305988993,0.0548,0.1344,0.23583333333333334,0.9279372983870968,0.9326966905493006,0.9385211105290728,0.9151453629032258,0.9218441487546912,0.9310159594901345
0.05,t-SNE,0,True,0.2735903831226519,0.2810363101423711,0.5396168168434323,0.7949214061059992,0.6959943056922648,0.5359379274562054,0.48409294526162444,0.46454987178195495,0.535450128218045,0.4432323027004041,0.5567676972995959,0.8271613672128241,0.17283863278717593,0.6569391834529416,0.34306081654705844,0.5092770194268752,0.4907229805731248,0.43277974771802435,0.5672202522819756,0.39593227635987405,0.604067723640126,0.48409294526162444,0.39593227635987405,0.604067723640126,0.08488442910226321,0.1176276866046338,0.43499632737951693,0.7631510181138368,0.6896710003302193,0.5337762842749401,0.4814587646144916,0.477782765115406,0.5222172348845939,0.4647823201491187,0.5352176798508813,0.5229016070551767,0.47709839294482326,0.3474317432647305,0.6525682567352695,0.3052403746958595,0.6947596253041405,0.29534920975710555,0.7046507902428945,0.35269031831289743,0.6473096816871026,0.2228949861967958,0.08657955645524948,2.5744528537981584,0.46496209802469857,0.658523161303673,0.039110578579069855,0.10977180506049965,0.6306540367183919,0.2672,0.2750666666666667,0.32439999999999997,0.9540282258064516,0.9483294438758103,0.9534072638379605,0.9634675403225806,0.9567095189355169,0.9590574821023223
0.05,t-SNE,1,True,0.2689263790027616,0.2791429987034829,0.5329048956932828,0.7957006702494296,0.7053737681884799,0.549066659168434,0.5175194078898417,0.4660976409860422,0.5339023590139578,0.44252786252000204,0.557472137479998,0.8204368205964244,0.17956317940357558,0.6512665345455252,0.3487334654544748,0.5010618232371455,0.49893817676285446,0.42151968999132533,0.5784803100086746,0.381550612784631,0.618449387215369,0.5175194078898417,0.381550612784631,0.618449387215369,0.08993881916170064,0.12237534848343339,0.42496390624133107,0.7627530210742418,0.6999724433393638,0.549607196855472,0.52045020316858,0.47561212580627465,0.5243878741937253,0.4625538435630621,0.5374461564369379,0.5113096638002689,0.4886903361997311,0.3318191414176836,0.6681808585823164,0.28711293138910216,0.7128870686108979,0.27500857811959695,0.724991421880403,0.32660002120805515,0.6733999787919449,0.2228949861967958,0.07912460983094627,2.8170121365909067,0.4780999792744389,0.6403450972558681,-0.028979742510024553,0.046688758907231974,0.7312737214312983,0.2664,0.2748,0.3218666666666667,0.953176814516129,0.9478695325827362,0.9528223502706478,0.9639897177419354,0.9563819174343228,0.9588191374192422
0.05,t-SNE,2,True,0.2764497681386547,0.2809754444544432,0.5370747006721589,0.797881563057362,0.7121121833517977,0.561157788586773,0.5074174228644339,0.46460507460361317,0.5353949253963868,0.44191123321050996,0.55808876678949,0.8240860249916807,0.1759139750083193,0.6571124270081105,0.34288757299188954,0.5097827363090005,0.4902172636909995,0.4331754744007031,0.566824525599297,0.39514776874998536,0.6048522312500146,0.5074174228644339,0.39514776874998536,0.6048522312500146,0.08616253250127907,0.11642639215083443,0.4239844065351463,0.7638569437314777,0.7054884931211223,0.5628180619712375,0.5141187098694396,0.4787422591908628,0.5212577408091372,0.4642966688897559,0.5357033311102442,0.5220749866151643,0.47792501338483573,0.3483111519574298,0.6516888480425702,0.30462892012557985,0.6953710798744202,0.29335653059313904,0.706643469406861,0.34889835071029335,0.6511016492897066,0.2228949861967958,0.08082621806245067,2.757706491037044,0.4933539837150967,0.6583513797035944,-0.0036351279658834797,0.0701697415999882,0.6073089384723547,0.2646,0.27593333333333336,0.3248,0.9524270161290322,0.9480432616854316,0.9531376986205692,0.9642135080645161,0.9569222790856363,0.9590779465688842
0.05,UMAP,0,True,0.17029360982871564,0.12152023128938201,0.3469961510259579,0.7421179567612325,0.6921731903575009,0.5462445205533625,0.4108929765013517,0.4491301580587105,0.5508698419412895,0.43497052415459464,0.5650294758454053,0.8947122734050469,0.10528772659495311,0.7071500939052475,0.2928499060947525,0.5570639680063734,0.44293603199362663,0.48033165695898883,0.5196683430410112,0.4645904176997288,0.5354095823002711,0.4108929765013517,0.4645904176997288,0.5354095823002711,0.05845579664368066,0.07898860859959746,0.3625228185537846,0.7463216913365238,0.6911697021577456,0.5411095739760331,0.4055158733514246,0.4541305037340635,0.5458694962659365,0.45016890081660127,0.5498310991833988,0.6305201821710741,0.3694798178289259,0.4147441349052038,0.5852558650947962,0.3629540893483138,0.6370459106516861,0.3493918119046445,0.6506081880953555,0.4465883283792024,0.5534116716207975,0.2228949861967958,0.03670864546616797,6.072002476970281,0.48230632307228266,0.4826907402438952,0.03535535070248028,0.04591875938331241,0.44502877626417164,0.13799999999999998,0.20199999999999999,0.2619,0.9303256048387096,0.9341276015011941,0.9373482102322332,0.9519074596774193,0.9346564312521324,0.9278744543390955
0.05,UMAP,1,True,0.1725514304817354,0.12117149930852328,0.34377483083862936,0.7417650637225854,0.69709166291335,0.555812985161222,0.4657862479411203,0.4458978045964343,0.5541021954035656,0.4336188926099775,0.5663811073900225,0.896780984717597,0.10321901528240296,0.7105164390221478,0.2894835609778522,0.5606565597446167,0.4393434402553833,0.48370708918691224,0.5162929108130878,0.4525693891763223,0.5474306108236777,0.4657862479411203,0.4525693891763223,0.5474306108236777,0.050859050582203025,0.06481265483496418,0.34452474843297237,0.7411307907704651,0.6935167363910353,0.5516299559521145,0.4646382361438873,0.4550535808072441,0.5449464191927559,0.45226373136319864,0.5477362686368014,0.6358568172063906,0.36414318279360935,0.41971479919525795,0.5802852008047421,0.3688487766332411,0.6311512233667589,0.3537984283058399,0.64620157169416,0.42197838395110365,0.5780216160488963,0.2228949861967958,0.03280632750663559,6.79426815304797,0.4931265992070899,0.45076198179108506,0.05004876912411318,0.05501820061886857,0.5024737208112825,0.13340000000000002,0.2004,0.2547,0.9287737903225807,0.9312974411463664,0.935701868342937,0.9523262096774193,0.9327098601160013,0.9253799546010127
0.05,UMAP,2,True,0.16718699312051288,0.12878327868455872,0.3519693129605017,0.7439168654533219,0.6951615761329085,0.5499365457292751,0.44548504264755623,0.4479664983832531,0.5520335016167469,0.4328122552626511,0.5671877447373489,0.8948145387704224,0.10518546122957761,0.7123469385179436,0.2876530614820564,0.5663517101011011,0.4336482898988989,0.4919383300168162,0.5080616699831838,0.46476412758976826,0.5352358724102317,0.44548504264755623,0.46476412758976826,0.5352358724102317,0.047436122462598436,0.07038530932629017,0.35414269773928214,0.7450732085106262,0.6949339917840074,0.5473700608392498,0.4417704662961061,0.45603237125148505,0.5439676287485149,0.4522511213006998,0.5477488786993002,0.6380063384678294,0.3619936615321706,0.43101277039229813,0.5689872296077019,0.3815702064594485,0.6184297935405515,0.368039030941504,0.631960969058496,0.4403266616420888,0.5596733383579112,0.2228949861967958,0.04365944097631014,5.10531012794552,0.486133480477652,0.40253430572881677,-0.045592087690073765,-0.03250462551476802,0.6118148163764799,0.132,0.19926666666666665,0.26083333333333336,0.9306108870967742,0.9341852610030706,0.9391958442465514,0.9519108870967742,0.9327006482429205,0.9257642046446656
0.05,toorPIA,0,True,0.11699369664903604,0.14351941529540957,0.41321201923873563,0.7440456399953961,0.7722981310664676,0.7322655042729701,0.8092856686842768,0.4502717641461469,0.5497282358538531,0.4462679989679302,0.5537320010320699,0.4589980273109722,0.5410019726890278,0.45402895955755396,0.545971040442446,0.40166717588397344,0.5983328241160266,0.3642942707604939,0.6357057292395061,0.6622341444716034,0.33776585552839655,0.8092856686842768,0.6622341444716034,0.33776585552839655,0.1409516651631267,0.19350331633810056,0.46737575284776867,0.7612729253747886,0.7620713753750249,0.7045390057319679,0.7860116763151253,0.46070557767973913,0.5392944223202609,0.447373942559989,0.552626057440011,0.4431950906621843,0.5568049093378157,0.35724547932925893,0.642754520670741,0.31469463550071847,0.6853053644992815,0.29124059718008677,0.7087594028199132,0.5504547924854309,0.44954520751456906,0.2228949861967958,0.26594454518670596,0.8381258056649092,0.744525375845552,0.2751649240446586,0.4974524836861256,0.534399797515085,3.531222273167875,0.0644,0.13986666666666667,0.24576666666666666,0.928148185483871,0.9352567724326168,0.9457182119783482,0.9357594758064516,0.9389099965881952,0.9464019207263838
0.05,toorPIA,1,True,0.1169955233950722,0.14351929661578713,0.4132135480893815,0.7440456677284386,0.7722973934713319,0.7322648658432873,0.8092852863206944,0.4502723386495482,0.5497276613504518,0.44626865013940026,0.5537313498605998,0.4589994949059368,0.5410005050940632,0.4540298278456202,0.5459701721543798,0.40166745817610755,0.5983325418238925,0.36429431328898865,0.6357056867110114,0.6622340627634965,0.3377659372365035,0.8092852863206944,0.6622340627634965,0.3377659372365035,0.1409520842649359,0.1935043876849606,0.4673753612400907,0.7612720033316086,0.7620704372790628,0.7045382178853754,0.7860113139618793,0.46070650054647094,0.539293499453529,0.4473751903240032,0.5526248096759968,0.4431955378802307,0.5568044621197693,0.3572464000976675,0.6427535999023325,0.3146952558195222,0.6853047441804778,0.2912409323095849,0.7087590676904151,0.5504547524047434,0.4495452475952566,0.2228949861967958,0.2659542358211771,0.8380952666859061,0.744524887300221,0.2751277150338112,0.49749973836929917,0.5344435763576636,3.53111890841857,0.0644,0.13973333333333335,0.24573333333333333,0.9281683467741936,0.9352422381439781,0.9457149642046446,0.9357588709677419,0.9389085636301604,0.9464010127466387
0.05,toorPIA,2,True,0.11699786965266833,0.14350593994881353,0.41320547808015895,0.7440345799447071,0.7722942927983144,0.7322645829769241,0.8092869091356051,0.4502692344654306,0.5497307655345693,0.44627187085742476,0.5537281291425753,0.4589984970358526,0.5410015029641474,0.454030486150448,0.545969513849552,0.4016690601051943,0.5983309398948057,0.36429523998130703,0.6357047600186929,0.6622344474317339,0.3377655525682661,0.8092869091356051,0.6622344474317339,0.3377655525682661,0.14093664370987227,0.1935085583218371,0.46737699550747186,0.7612636743056047,0.7620704086780239,0.7045341621059505,0.7860117426444303,0.460711954888595,0.539288045111405,0.44737303870428474,0.5526269612957153,0.4431965965135315,0.5568034034864685,0.35725026969328993,0.64274973030671,0.3146951928298088,0.6853048071701913,0.2912430455102464,0.7087569544897536,0.5504550164719264,0.4495449835280736,0.2228949861967958,0.26594380260110584,0.8381281459343507,0.744524810889007,0.27560679084031653,0.4976991152013036,0.5346282980401729,3.530977263893183,0.0646,0.13986666666666667,0.2456,0.928209879032258,0.9352567724326168,0.945707735288982,0.9357566532258065,0.9389095871716138,0.9464009778243408
